"","Player","Team","Position","GP","TOI","Goals","Total Assists","First Assists","Second Assists","Total Points","IPP","Shots","SH%","ixG","iCF","iFF","iSCF","iHDCF","Rush Attempts","Rebounds Created","PIM","Total Penalties","Minor","Major","Misconduct","Penalties Drawn","Giveaways","Takeaways","Hits","Hits Taken","Shots Blocked","Faceoffs Won","Faceoffs Lost","Faceoffs %"
"186","Connor McDavid","EDM","C","23","397.7","5","16","12","4","21","77.78","45","11.11","4.35","85","66","48","21","1","8","8","3","3","0","0","12","9","18","37","46","13","129","166","43.73"
"278","Evan Bouchard","EDM","D","23","436.7","4","12","3","9","16","59.26","48","8.33","2.26","123","63","37","4","1","12","20","6","5","0","1","7","15","11","24","52","32","0","0","-"
"70","Zach Hyman","EDM","L","23","372.65","9","6","4","2","15","62.50","56","16.07","7.54","103","82","61","36","3","10","6","3","3","0","0","6","5","4","47","62","8","1","0","100.00"
"159","Leon Draisaitl","EDM","C","23","361.96666666667","4","9","8","1","13","61.90","34","11.76","3.53","67","48","35","16","5","5","14","7","7","0","0","9","21","14","20","56","13","144","161","47.21"
"323","Anton Lundell","FLA","C","22","279.13333333333","3","9","6","3","12","80.00","22","13.64","2.81","66","43","31","11","0","10","10","5","5","0","0","8","13","10","38","30","12","128","103","55.41"
"86","Ryan Nugent-Hopkins","EDM","C","23","293.4","2","9","1","8","11","61.11","17","11.76","1.86","40","30","20","10","2","3","6","3","3","0","0","2","5","5","32","26","9","23","39","37.10"
"209","Evan Rodrigues","FLA","C","22","271.86666666667","5","6","5","1","11","73.33","36","13.89","2.66","67","46","31","14","5","1","2","1","1","0","0","2","8","14","48","55","8","42","37","53.16"
"223","Matthew Tkachuk","FLA","L","22","292.25","4","7","6","1","11","61.11","56","7.14","4.88","95","74","50","25","3","9","10","5","5","0","0","9","13","7","59","30","5","0","1","0.00"
"132","Carter Verhaeghe","FLA","C","22","321.48333333333","4","6","2","4","10","76.92","44","9.09","4.9","96","67","62","25","4","13","16","8","8","0","0","5","8","8","25","45","11","11","21","34.38"
"179","Gustav Forsling","FLA","D","22","403.21666666667","4","6","5","1","10","52.63","45","8.89","1.71","102","62","28","4","3","4","12","6","6","0","0","0","10","14","36","40","19","0","0","-"
"322","Alexis Lafrenière","NYR","L","16","231.58333333333","7","3","1","2","10","76.92","35","20.00","3.53","66","52","36","13","1","2","6","3","3","0","0","2","2","10","39","29","6","4","6","40.00"
"336","Wyatt Johnston","DAL","C","19","306.18333333333","7","3","2","1","10","83.33","44","15.91","7.66","109","76","68","24","3","10","2","1","1","0","0","4","7","13","22","29","13","76","92","45.24"
"142","Aleksander Barkov","FLA","C","22","308.98333333333","5","4","3","1","9","75.00","42","11.90","4.35","77","56","49","23","4","7","8","4","4","0","0","8","10","23","43","38","14","128","103","55.41"
"258","Jason Robertson","DAL","L","19","306.2","4","5","2","3","9","90.00","31","12.90","2.86","72","42","31","14","8","7","0","0","0","0","0","5","10","17","24","33","20","0","0","-"
"18","Jamie Benn","DAL","L","19","254.31666666667","3","5","2","3","8","72.73","23","13.04","2.9","55","39","29","14","4","3","6","3","3","0","0","4","5","10","47","28","10","84","44","65.63"
"71","Tyler Seguin","DAL","C","19","266.35","3","5","3","2","8","61.54","41","7.32","4.51","72","51","46","25","2","8","2","1","1","0","0","3","5","11","32","20","4","98","78","55.68"
"78","Vincent Trocheck","NYR","C","16","249.85","3","5","4","1","8","66.67","23","13.04","3.73","57","45","33","18","2","9","8","4","4","0","0","9","6","8","57","44","13","120","96","55.56"
"210","Artemi Panarin","NYR","L","16","255.58333333333","3","5","2","3","8","72.73","35","8.57","1.96","73","49","31","6","4","6","2","1","1","0","0","3","9","2","11","13","6","0","0","-"
"260","Miro Heiskanen","DAL","D","19","453.8","2","6","3","3","8","53.33","34","5.88","1.61","85","49","23","5","2","14","8","4","4","0","0","5","15","9","24","83","38","0","0","-"
"24","Evgenii Dadonov","DAL","R","19","239.91666666667","3","4","3","1","7","77.78","25","12.00","3.97","60","46","36","21","4","8","2","1","1","0","0","3","3","5","21","22","15","0","0","-"
"44","Evander Kane","EDM","L","20","284.1","4","3","1","2","7","63.64","42","9.52","4.53","91","63","51","19","3","11","25","6","4","1","1","5","6","3","64","52","6","6","10","37.50"
"68","Vladimir Tarasenko","FLA","R","22","247.73333333333","3","4","1","3","7","58.33","35","8.57","4.48","62","47","38","20","6","9","0","0","0","0","0","2","9","1","43","42","18","0","0","-"
"120","Brett Kulak","EDM","D","23","350.45","1","6","4","2","7","53.85","20","5.00","0.77","54","29","13","0","2","5","14","7","7","0","0","6","13","6","19","59","39","0","0","-"
"141","Nathan MacKinnon","COL","C","11","215.03333333333","3","4","3","1","7","63.64","36","8.33","2.53","71","51","29","9","0","9","2","1","1","0","0","2","11","8","8","12","13","77","92","45.56"
"144","Elias Lindholm","VAN","C","13","165","3","4","2","2","7","70.00","17","17.65","1.78","33","28","16","9","2","1","0","0","0","0","0","2","0","3","29","9","11","96","78","55.17"
"153","Nikita Zadorov","VAN","D","13","219.11666666667","4","3","0","3","7","87.50","19","21.05","0.54","46","28","7","1","2","4","24","8","7","0","1","4","5","3","40","33","13","0","0","-"
"158","Sam Reinhart","FLA","C","22","315.85","3","4","1","3","7","77.78","50","6.00","4.81","93","72","49","19","5","9","2","1","1","0","0","3","9","9","42","50","23","47","56","45.63"
"160","Sam Bennett","FLA","C","17","218.91666666667","4","3","2","1","7","70.00","23","17.39","3.56","77","43","31","19","2","10","12","6","6","0","0","7","11","6","72","31","4","44","35","55.70"
"320","Dylan Holloway","EDM","L","23","260.16666666667","5","2","1","1","7","58.33","28","17.86","2.28","48","36","27","15","3","5","8","4","4","0","0","3","14","5","77","51","21","1","5","16.67"
"334","Logan Stankoven","DAL","C","19","280.05","2","5","4","1","7","53.85","30","6.67","3.39","70","51","37","15","3","6","2","1","1","0","0","3","4","7","24","44","16","6","5","54.55"
"35","Adam Henrique","EDM","C","15","183.48333333333","3","3","2","1","6","85.71","9","33.33","1.11","13","11","12","7","1","1","2","1","1","0","0","0","6","7","45","18","10","46","50","47.92"
"76","Josh Manson","COL","D","11","196.8","1","5","4","1","6","46.15","24","4.17","1.31","62","34","19","3","1","8","12","6","6","0","0","2","13","5","36","30","22","0","0","-"
"129","Jake Guentzel","CAR","C","11","172.8","3","3","1","2","6","85.71","22","13.64","2.72","43","34","33","15","2","2","14","3","2","0","1","3","5","7","7","15","10","4","6","40.00"
"137","Artturi Lehkonen","COL","L","11","175.88333333333","4","2","1","1","6","66.67","26","15.38","3.16","45","34","31","16","1","5","4","2","2","0","0","0","5","3","26","17","7","1","0","100.00"
"171","Brandon Montour","FLA","D","22","382.11666666667","1","5","2","3","6","37.50","30","3.33","1.55","79","52","21","5","2","7","10","5","5","0","0","2","11","9","44","57","27","0","0","-"
"180","Dakota Joshua","VAN","C","13","164.95","2","4","3","1","6","75.00","7","28.57","1.54","16","11","11","8","0","4","8","4","4","0","0","1","1","4","71","26","5","2","3","40.00"
"185","Pavel Zacha","BOS","C","13","165.81666666667","1","5","3","2","6","75.00","14","7.14","1.43","23","18","13","6","0","4","4","2","2","0","0","1","7","2","24","17","1","47","63","42.73"
"189","Mikko Rantanen","COL","R","11","211.15","3","3","2","1","6","60.00","25","12.00","2.09","44","31","22","9","1","3","8","4","4","0","0","4","3","8","19","31","10","23","28","45.10"
"190","Sebastian Aho","CAR","C","11","175.23333333333","3","3","3","0","6","85.71","20","15.00","2.24","43","32","24","12","0","4","2","1","1","0","0","3","13","5","19","17","4","57","74","43.51"
"201","Jack Roslovic","NYR","C","16","201.01666666667","0","6","1","5","6","100.00","17","0.00","1.22","38","27","16","2","2","6","6","3","3","0","0","0","9","2","10","20","8","5","10","33.33"
"254","Casey Mittelstadt","COL","C","11","168.65","2","4","3","1","6","75.00","22","9.09","1.87","30","28","17","9","1","2","2","1","1","0","0","0","7","5","15","24","5","62","74","45.59"
"264","Cale Makar","COL","D","11","222.05","2","4","1","3","6","75.00","24","8.33","1.3","59","39","19","4","1","7","0","0","0","0","0","2","5","9","5","17","15","0","0","-"
"51","Dmitry Orlov","CAR","D","11","211.3","1","4","2","2","5","83.33","20","5.00","1.03","42","31","13","3","2","5","14","7","7","0","0","4","9","3","18","17","16","0","0","-"
"87","Mika Zibanejad","NYR","C","16","225.81666666667","1","4","4","0","5","83.33","15","6.67","2.17","38","33","15","8","1","2","2","1","1","0","0","3","12","6","11","16","11","111","110","50.23"
"95","Barclay Goodrow","NYR","C","16","161.51666666667","3","2","1","1","5","100.00","10","30.00","1.32","23","15","10","6","1","4","12","6","6","0","0","0","4","4","41","25","19","48","67","41.74"
"101","Brady Skjei","CAR","D","11","181.95","0","5","4","1","5","62.50","17","0.00","0.94","53","33","10","3","1","8","6","3","3","0","0","1","6","5","17","14","14","0","0","-"
"166","David Pastrnak","BOS","R","13","196.96666666667","3","2","0","2","5","71.43","27","11.11","3.25","66","43","35","19","4","8","10","4","4","0","0","4","11","3","24","29","9","5","3","62.50"
"172","Warren Foegele","EDM","L","20","201.26666666667","1","4","1","3","5","62.50","27","3.70","2.37","51","37","26","13","3","3","17","3","1","1","1","3","11","11","36","36","6","0","1","0.00"
"175","Devon Toews","COL","D","10","206.2","0","5","2","3","5","45.45","15","0.00","0.56","44","22","11","2","1","2","2","1","1","0","0","2","7","11","11","6","8","0","0","-"
"195","Brock Boeser","VAN","R","12","183.06666666667","3","2","1","1","5","71.43","16","18.75","1.52","36","24","17","6","0","2","8","3","3","0","0","3","5","8","6","12","6","1","1","50.00"
"214","Conor Garland","VAN","R","13","166.5","3","2","2","0","5","62.50","21","14.29","2.09","52","38","28","5","2","2","2","1","1","0","0","4","2","2","9","30","11","0","0","-"
"221","Mason Marchment","DAL","L","13","190.96666666667","3","2","1","1","5","83.33","23","13.04","2.28","41","32","25","9","3","4","10","5","5","0","0","3","4","13","51","19","6","2","2","50.00"
"261","Martin Necas","CAR","C","11","162.6","2","3","1","2","5","71.43","19","10.53","1.7","54","39","25","6","0","3","0","0","0","0","0","2","8","5","13","17","3","2","3","40.00"
"269","Eetu Luostarinen","FLA","C","22","261.1","1","4","2","2","5","55.56","21","4.76","2.5","53","36","30","12","4","5","20","5","4","0","1","4","7","13","52","64","8","18","14","56.25"
"282","Andrei Svechnikov","CAR","R","11","168.6","0","5","3","2","5","83.33","16","0.00","1.96","45","30","21","8","1","3","10","5","5","0","0","4","10","5","31","16","10","0","0","-"
"1","Ryan Suter","DAL","D","19","318.58333333333","1","3","2","1","4","44.44","8","12.50","0.55","44","28","8","2","1","1","16","8","8","0","0","1","12","2","18","27","17","0","0","-"
"11","Andrew Cogliano","COL","C","11","76.25","0","4","3","1","4","100.00","3","0.00","0.16","6","3","3","1","1","1","2","1","1","0","0","0","1","2","5","7","5","2","3","40.00"
"48","Chris Kreider","NYR","L","16","211.13333333333","4","0","0","0","4","66.67","20","20.00","2.96","42","34","22","14","1","6","2","1","1","0","0","1","6","3","37","15","3","1","6","14.29"
"52","Mattias Ekholm","EDM","D","23","398.28333333333","1","3","2","1","4","19.05","29","3.45","1.58","75","51","20","4","0","5","6","3","3","0","0","1","16","8","24","57","32","0","0","-"
"63","Evgeny Kuznetsov","CAR","C","10","94.6","2","2","0","2","4","80.00","12","16.67","0.95","26","18","9","4","3","1","4","2","2","0","0","0","3","1","6","3","1","35","29","54.69"
"89","J.T. Miller","VAN","C","13","199.03333333333","1","3","3","0","4","57.14","17","5.88","2.51","41","33","25","10","1","2","4","2","2","0","0","1","3","5","41","26","7","111","90","55.22"
"98","Hampus Lindholm","BOS","D","13","228.01666666667","1","3","1","2","4","33.33","12","8.33","0.29","33","19","6","1","0","2","6","3","3","0","0","1","16","1","9","41","13","0","0","-"
"103","Cody Ceci","EDM","D","22","360.98333333333","2","2","2","0","4","36.36","21","9.52","0.71","49","31","8","3","4","5","0","0","0","0","0","2","9","5","31","70","20","0","0","-"
"107","Jacob Trouba","NYR","D","16","267.23333333333","0","4","0","4","4","40.00","14","0.00","0.81","51","27","11","4","1","4","20","10","10","0","0","2","7","7","55","29","54","0","0","-"
"115","Jordan Martinook","CAR","L","11","161.43333333333","2","2","2","0","4","66.67","20","10.00","3.01","44","32","19","12","1","5","6","3","3","0","0","2","8","4","17","9","3","5","11","31.25"
"130","Mattias Janmark","EDM","C","23","216.85","1","3","2","1","4","66.67","16","6.25","2.19","30","27","17","14","2","3","6","3","3","0","0","3","6","2","20","31","3","0","4","0.00"
"146","Darnell Nurse","EDM","D","23","368.1","1","3","0","3","4","28.57","37","2.70","1.73","78","54","20","3","2","5","12","6","6","0","0","0","10","3","42","37","45","0","0","-"
"149","Max Domi","TOR","C","7","99.783333333333","1","3","1","2","4","80.00","17","5.88","1.62","30","22","14","9","1","6","6","3","3","0","0","2","2","4","5","8","6","27","13","67.50"
"167","Adrian Kempe","L.A","R","5","70.133333333333","3","1","1","0","4","100.00","17","17.65","1.83","32","20","12","7","2","3","4","2","2","0","0","1","1","1","12","5","0","0","0","-"
"168","Ivan Barbashev","VGK","C","7","103.7","0","4","2","2","4","80.00","8","0.00","0.68","17","11","8","2","1","1","0","0","0","0","0","1","1","6","41","8","1","0","3","0.00"
"184","Kyle Connor","WPG","L","5","78.7","2","2","1","1","4","66.67","13","15.38","0.78","25","19","13","5","0","4","4","1","1","0","0","0","2","1","4","6","2","0","0","-"
"194","Brandon Carlo","BOS","D","13","201.73333333333","3","1","0","1","4","40.00","17","17.65","0.87","35","23","11","2","2","2","6","3","3","0","0","0","7","4","23","38","16","0","0","-"
"196","Mathew Barzal","NYI","C","5","87.75","2","2","2","0","4","100.00","14","14.29","1.33","28","22","11","4","3","2","4","2","2","0","0","1","4","1","4","9","3","0","0","-"
"206","Jake DeBrusk","BOS","L","13","168.1","1","3","3","0","4","100.00","16","6.25","1.37","27","23","16","9","4","3","2","1","1","0","0","2","1","1","47","27","8","0","2","0.00"
"226","Adam Fox","NYR","D","16","272.5","0","4","3","1","4","40.00","21","0.00","1.42","48","31","16","3","0","4","8","4","4","0","0","6","5","3","13","32","30","0","0","-"
"233","Trent Frederic","BOS","C","13","159.38333333333","2","2","0","2","4","50.00","17","11.76","2.42","28","23","18","14","0","5","20","2","0","0","2","1","3","5","53","39","10","20","36","35.71"
"243","Ross Colton","COL","C","11","131.41666666667","1","3","1","2","4","80.00","14","7.14","2.46","33","24","24","12","0","4","2","1","1","0","0","3","2","2","42","5","10","51","55","48.11"
"276","Quinn Hughes","VAN","D","13","244.38333333333","0","4","3","1","4","66.67","15","0.00","0.77","52","29","11","1","1","7","6","3","3","0","0","2","5","4","3","33","12","0","0","-"
"324","Quinton Byfield","L.A","R","5","73.433333333333","0","4","3","1","4","57.14","6","0.00","0.39","20","10","8","3","1","3","4","2","2","0","0","3","3","3","11","14","0","3","3","50.00"
"333","Mason Lohrei","BOS","D","11","165.81666666667","1","3","2","1","4","100.00","12","8.33","0.61","31","19","6","2","2","1","8","3","3","0","0","0","8","4","12","32","17","0","0","-"
"2","Zach Parise","COL","L","11","151.73333333333","2","1","1","0","3","37.50","19","10.53","3.19","31","27","23","13","0","7","0","0","0","0","0","1","2","2","30","23","9","0","1","0.00"
"5","Joe Pavelski","DAL","C","19","282.36666666667","1","2","2","0","3","60.00","21","4.76","3.37","60","42","36","16","5","4","2","1","1","0","0","1","10","9","31","18","14","54","56","49.09"
"9","Anze Kopitar","L.A","C","5","70.616666666667","1","2","2","0","3","60.00","7","14.29","0.76","13","11","6","4","1","1","4","2","2","0","0","1","2","2","12","3","1","42","27","60.87"
"13","Brad Marchand","BOS","L","11","142.13333333333","1","2","1","1","3","42.86","14","7.14","1.23","34","23","13","5","1","3","6","3","3","0","0","3","11","6","21","22","6","3","3","50.00"
"22","James van Riemsdyk","BOS","L","11","105.48333333333","1","2","2","0","3","75.00","12","8.33","1.38","22","16","15","7","1","5","0","0","0","0","0","3","2","2","23","16","5","2","1","66.67"
"28","Drew Doughty","L.A","D","5","105.93333333333","2","1","1","0","3","60.00","6","33.33","0.3","16","7","6","1","1","2","4","2","2","0","0","0","3","0","7","29","9","0","0","-"
"29","Steven Stamkos","T.B","C","5","68.15","2","1","0","1","3","75.00","6","33.33","0.88","15","13","10","5","0","2","2","1","1","0","0","2","2","1","22","5","2","29","30","49.15"
"37","Gustav Nyquist","NSH","C","6","88.933333333333","1","2","2","0","3","100.00","5","20.00","0.99","13","10","7","4","1","0","0","0","0","0","0","1","1","6","6","8","2","2","3","40.00"
"42","Victor Hedman","T.B","D","5","82.983333333333","1","2","1","1","3","100.00","10","10.00","0.43","18","15","4","1","0","1","0","0","0","0","0","0","3","1","8","12","7","0","0","-"
"43","Matt Duchene","DAL","C","19","283.43333333333","1","2","2","0","3","50.00","21","4.76","2.27","55","32","31","9","1","7","6","3","3","0","0","3","16","15","19","35","21","69","59","53.91"
"49","Brayden McNabb","VGK","D","7","128.28333333333","1","2","1","1","3","60.00","13","7.69","0.41","29","18","7","1","0","2","0","0","0","0","0","0","3","1","11","17","19","0","0","-"
"58","Brenden Dillon","WPG","D","3","52.5","0","3","2","1","3","60.00","0","-","0.12","8","7","1","0","0","0","4","2","2","0","0","2","0","0","10","9","2","0","0","-"
"61","Jason Zucker","NSH","L","6","73.033333333333","1","2","1","1","3","100.00","13","7.69","1","19","17","8","5","3","1","2","1","1","0","0","1","1","1","14","11","1","0","0","-"
"64","Charlie Coyle","BOS","C","13","168.08333333333","1","2","2","0","3","75.00","16","6.25","2.46","35","28","21","14","1","4","12","6","6","0","0","4","2","5","53","25","18","78","79","49.68"
"85","Nikita Kucherov","T.B","R","5","73.7","0","3","2","1","3","75.00","4","0.00","0.55","19","11","7","2","0","1","0","0","0","0","0","2","6","0","12","17","3","0","0","-"
"88","Mark Scheifele","WPG","C","5","82.633333333333","2","1","0","1","3","60.00","7","28.57","0.73","15","10","9","6","0","0","0","0","0","0","0","3","1","2","13","13","5","46","32","58.97"
"90","Stefan Noesen","CAR","R","11","81.683333333333","3","0","0","0","3","60.00","8","37.50","1.32","20","16","12","8","1","1","21","5","3","1","1","5","2","0","16","10","2","0","2","0.00"
"94","Jonathan Marchessault","VGK","R","7","115.21666666667","2","1","1","0","3","60.00","23","8.70","1.83","36","29","11","6","1","5","2","1","1","0","0","1","4","2","23","7","3","1","1","50.00"
"97","Morgan Rielly","TOR","D","7","131.95","0","3","1","2","3","50.00","11","0.00","0.5","25","17","7","2","0","0","0","0","0","0","0","0","4","2","14","33","13","0","0","-"
"106","Teuvo Teravainen","CAR","L","11","152.36666666667","1","2","1","1","3","75.00","15","6.67","1.13","42","27","12","3","0","5","0","0","0","0","0","1","6","3","3","13","6","1","3","25.00"
"108","Filip Forsberg","NSH","L","6","92.75","1","2","1","1","3","75.00","13","7.69","1.26","37","25","13","3","1","5","2","1","1","0","0","4","1","3","17","7","2","0","0","-"
"111","Esa Lindell","DAL","D","19","410.28333333333","1","2","1","1","3","30.00","16","6.25","1.16","53","30","15","2","3","6","4","2","2","0","0","0","7","8","26","60","42","0","0","-"
"114","Jimmy Vesey","NYR","L","12","115.7","1","2","1","1","3","100.00","9","11.11","0.94","21","16","7","4","1","3","2","1","1","0","0","3","3","6","8","10","8","1","1","50.00"
"119","Jaccob Slavin","CAR","D","11","212.48333333333","1","2","0","2","3","37.50","18","5.56","0.9","39","29","12","3","4","4","2","1","1","0","0","1","2","4","5","17","16","0","0","-"
"122","Connor Brown","EDM","R","17","163.65","1","2","2","0","3","75.00","7","14.29","0.95","22","14","10","4","2","0","6","3","3","0","0","3","3","7","8","19","7","2","3","40.00"
"126","Carson Soucy","VAN","D","12","169.88333333333","1","2","0","2","3","37.50","3","33.33","0.16","14","7","4","0","0","0","6","3","3","0","0","1","9","4","26","22","8","0","0","-"
"133","Miles Wood","COL","L","11","133.28333333333","3","0","0","0","3","75.00","23","13.04","1.91","37","30","16","8","0","4","13","5","4","1","0","2","6","1","27","17","6","0","1","0.00"
"139","Tyler Bertuzzi","TOR","L","7","104.66666666667","1","2","0","2","3","50.00","14","7.14","1.49","26","22","12","7","0","1","4","2","2","0","0","4","5","2","21","18","3","0","1","0.00"
"147","Bo Horvat","NYI","C","5","82.083333333333","1","2","0","2","3","75.00","13","7.69","0.52","19","17","6","0","0","1","0","0","0","0","0","0","0","2","6","5","2","33","30","52.38"
"152","Ryan Pulock","NYI","D","5","100.3","0","3","0","3","3","60.00","2","0.00","0.07","10","5","3","0","2","3","0","0","0","0","0","0","4","1","11","5","9","0","0","-"
"157","Aaron Ekblad","FLA","D","22","388.95","0","3","0","3","3","20.00","23","0.00","0.88","63","31","15","0","0","9","10","5","5","0","0","3","22","1","56","59","27","0","0","-"
"161","William Nylander","TOR","R","4","69.166666666667","3","0","0","0","3","75.00","17","17.65","1.13","26","21","9","6","3","4","4","2","2","0","0","0","2","1","5","6","5","4","1","80.00"
"176","Viktor Arvidsson","L.A","R","5","71.116666666667","0","3","2","1","3","100.00","10","0.00","0.81","21","16","6","3","0","2","0","0","0","0","0","1","3","5","12","7","5","2","2","50.00"
"187","Jack Eichel","VGK","C","7","115.06666666667","1","2","2","0","3","75.00","17","5.88","0.92","33","25","8","1","2","2","0","0","0","0","0","2","3","2","10","11","7","44","43","50.57"
"197","Roope Hintz","DAL","C","15","194.8","1","2","2","0","3","37.50","12","8.33","2.09","35","24","23","10","4","4","6","3","3","0","0","3","1","6","20","21","7","57","45","55.88"
"205","Mitch Marner","TOR","R","7","99.766666666667","1","2","2","0","3","100.00","8","12.50","0.75","22","12","11","2","0","5","2","1","1","0","0","1","1","4","5","10","1","2","2","50.00"
"218","Steven Lorentz","FLA","C","16","106.16666666667","2","1","1","0","3","100.00","6","33.33","0.92","17","14","9","4","3","0","0","0","0","0","0","4","3","4","39","32","4","24","35","40.68"
"224","Auston Matthews","TOR","C","5","72.983333333333","1","2","2","0","3","75.00","16","6.25","1.45","33","26","17","5","0","1","2","1","1","0","0","2","0","3","24","3","3","45","34","56.96"
"228","Charlie McAvoy","BOS","D","13","253.81666666667","1","2","0","2","3","37.50","22","4.55","1.26","55","36","14","5","2","6","8","4","4","0","0","5","17","4","45","69","24","0","0","-"
"230","Sam Steel","DAL","C","19","217.53333333333","0","3","0","3","3","75.00","14","0.00","1.45","32","22","15","8","1","2","2","1","1","0","0","2","3","6","23","22","5","40","48","45.45"
"238","Samuel Girard","COL","D","9","175.81666666667","0","3","0","3","3","37.50","8","0.00","0.34","30","14","9","0","0","2","0","0","0","0","0","2","4","1","10","22","14","0","0","-"
"252","Morgan Geekie","BOS","C","13","189.65","2","1","1","0","3","42.86","15","13.33","2.26","36","28","17","12","3","0","6","3","3","0","0","1","4","5","32","39","4","62","73","45.93"
"253","Mikey Anderson","L.A","D","5","87.583333333333","1","2","0","2","3","42.86","8","12.50","0.4","19","12","5","1","0","2","0","0","0","0","0","1","2","0","16","13","7","0","0","-"
"256","Elias Pettersson","VAN","C","13","172.48333333333","0","3","1","2","3","60.00","15","0.00","1.68","38","28","20","8","0","2","0","0","0","0","0","5","5","5","22","21","11","43","41","51.19"
"257","Gabriel Vilardi","WPG","C","5","66.583333333333","0","3","3","0","3","60.00","9","0.00","1.42","14","13","10","6","0","2","6","2","2","0","0","1","0","1","3","6","4","0","1","0.00"
"272","Pius Suter","VAN","C","13","169.03333333333","2","1","1","0","3","37.50","21","9.52","3.97","41","36","30","22","2","5","6","3","3","0","0","1","0","4","13","11","4","2","6","25.00"
"275","Martin Fehervary","WSH","D","4","70.166666666667","2","1","0","1","3","100.00","8","25.00","0.38","14","10","6","1","1","0","2","1","1","0","0","1","0","0","13","12","6","0","0","-"
"277","Ryan McLeod","EDM","C","22","246.13333333333","3","0","0","0","3","75.00","19","15.79","2.9","40","30","20","9","2","3","6","2","2","0","0","2","5","11","26","39","7","62","58","51.67"
"283","Jack Drury","CAR","C","11","130.9","1","2","2","0","3","42.86","21","4.76","1.63","40","31","16","7","2","4","2","1","1","0","0","1","4","1","10","17","10","51","31","62.20"
"289","Ilya Lyubushkin","TOR","D","7","106.63333333333","0","3","1","2","3","50.00","3","0.00","0.22","9","7","5","1","0","1","2","1","1","0","0","2","7","2","28","18","7","0","0","-"
"305","Thomas Harley","DAL","D","19","399.93333333333","0","3","1","2","3","18.75","22","0.00","1.07","56","34","14","2","1","6","0","0","0","0","0","0","10","13","11","61","47","0","0","-"
"335","Matthew Knies","TOR","L","7","94.416666666667","2","1","1","0","3","75.00","13","15.38","1.46","17","15","14","6","2","0","2","1","1","0","0","0","4","1","22","23","7","1","0","100.00"
"3","Brent Burns","CAR","D","11","187.81666666667","1","1","0","1","2","22.22","19","5.26","0.44","51","24","10","1","1","4","2","1","1","0","0","1","6","6","6","9","12","0","0","-"
"4","Corey Perry","EDM","R","17","173.66666666667","0","2","1","1","2","66.67","11","0.00","2","24","19","17","11","1","3","12","6","6","0","0","2","5","8","17","28","2","0","0","-"
"14","Kyle Okposo","FLA","R","16","131.71666666667","0","2","1","1","2","40.00","15","0.00","1.31","28","21","10","5","1","1","10","5","5","0","0","1","2","2","51","29","9","2","9","18.18"
"17","Jordan Staal","CAR","C","11","158.78333333333","1","1","1","0","2","40.00","28","3.57","3.55","45","39","31","18","0","4","4","2","2","0","0","0","4","0","46","17","6","95","74","56.21"
"19","Ian Cole","VAN","D","13","178.2","0","2","2","0","2","40.00","3","0.00","0.26","21","12","10","0","1","4","6","3","3","0","0","0","8","2","18","28","21","0","0","-"
"21","Pat Maroon","BOS","L","13","117.05","0","2","1","1","2","100.00","5","0.00","0.87","13","9","7","3","0","2","18","5","4","0","1","1","6","3","30","13","2","0","0","-"
"39","Kyle Palmieri","NYI","C","5","71.783333333333","0","2","2","0","2","100.00","11","0.00","0.76","17","13","10","3","1","2","0","0","0","0","0","0","5","1","4","3","8","2","1","66.67"
"45","Oliver Ekman-Larsson","FLA","D","22","282.85","2","0","0","0","2","16.67","20","10.00","1.17","58","37","16","4","1","6","20","6","5","0","1","5","5","2","53","45","16","0","0","-"
"53","Craig Smith","DAL","C","14","156.71666666667","0","2","2","0","2","100.00","14","0.00","0.93","35","24","11","4","2","2","2","1","1","0","0","2","5","9","25","15","9","4","5","44.44"
"54","Casey Cizikas","NYI","C","5","73.983333333333","1","1","0","1","2","66.67","5","20.00","0.89","10","8","8","4","0","0","2","1","1","0","0","0","2","2","12","7","3","0","3","0.00"
"55","Anders Lee","NYI","L","5","71.866666666667","0","2","2","0","2","100.00","12","0.00","1.22","22","17","9","7","0","2","6","3","3","0","0","3","3","0","13","3","2","0","0","-"
"62","Tyler Toffoli","WPG","C","5","59.7","2","0","0","0","2","100.00","8","25.00","0.62","17","12","10","4","0","2","0","0","0","0","0","0","1","0","8","9","2","4","1","80.00"
"65","Brock Nelson","NYI","C","5","80.65","2","0","0","0","2","100.00","6","33.33","0.73","11","9","5","2","1","1","0","0","0","0","0","1","2","1","2","4","6","30","32","48.39"
"73","Nino Niederreiter","WPG","R","5","56.733333333333","0","2","0","2","2","100.00","8","0.00","0.96","15","11","8","6","1","3","2","1","1","0","0","2","1","2","12","6","3","0","1","0.00"
"79","Adam Lowry","WPG","C","5","58.983333333333","2","0","0","0","2","66.67","4","50.00","0.99","12","10","8","6","1","1","7","2","1","1","0","2","1","0","22","8","3","44","25","63.77"
"100","Phillip Di Giuseppe","VAN","L","11","103.85","1","1","0","1","2","66.67","7","14.29","0.94","21","14","14","7","1","1","2","1","1","0","0","0","1","2","36","9","4","0","0","-"
"113","Adam Pelech","NYI","D","5","95.633333333333","0","2","1","1","2","66.67","4","0.00","0.09","14","8","1","0","0","0","4","2","2","0","0","1","5","3","17","13","9","0","0","-"
"121","Erik Gustafsson","NYR","D","16","252.56666666667","0","2","1","1","2","28.57","11","0.00","0.4","40","23","4","0","0","2","6","3","3","0","0","3","13","3","30","24","16","0","0","-"
"131","Anthony Duclair","T.B","L","5","59.433333333333","0","2","2","0","2","100.00","4","0.00","0.79","11","9","6","5","0","1","0","0","0","0","0","1","1","0","6","11","5","0","1","0.00"
"148","Valeri Nichushkin","COL","R","8","126.06666666667","2","0","0","0","2","28.57","13","15.38","1.67","29","23","20","5","1","1","2","1","1","0","0","2","0","0","18","11","7","0","0","-"
"151","Alex Wennberg","NYR","C","16","211.73333333333","1","1","0","1","2","50.00","11","9.09","1.43","25","17","18","9","2","2","4","2","2","0","0","4","4","3","11","31","24","52","68","43.33"
"162","Nikolaj Ehlers","WPG","L","5","64.566666666667","0","2","1","1","2","100.00","11","0.00","0.86","26","18","9","4","1","2","0","0","0","0","0","1","2","3","11","8","2","0","0","-"
"165","Tony DeAngelo","CAR","D","9","140.95","0","2","0","2","2","33.33","15","0.00","0.47","31","23","4","0","0","4","6","3","3","0","0","0","3","0","8","14","7","0","0","-"
"173","Brayden Point","T.B","C","5","71.85","1","1","0","1","2","50.00","9","11.11","1.02","19","14","14","7","0","5","2","1","1","0","0","2","4","5","9","5","4","13","16","44.83"
"174","Michael Amadio","VGK","R","4","45.083333333333","1","1","1","0","2","100.00","4","25.00","0.64","9","6","5","3","1","2","0","0","0","0","0","0","0","1","2","6","1","8","5","61.54"
"183","Noah Hanifin","VGK","D","7","134.4","2","0","0","0","2","66.67","10","20.00","0.45","31","19","11","3","0","0","0","0","0","0","0","0","3","4","6","14","7","0","0","-"
"198","Parker Wotherspoon","BOS","D","10","142.88333333333","0","2","1","1","2","66.67","7","0.00","0.16","16","9","3","0","0","1","4","2","2","0","0","2","6","1","16","30","17","0","0","-"
"203","Anthony Beauvillier","NSH","L","6","67.75","1","1","1","0","2","100.00","9","11.11","0.63","15","11","8","4","2","2","2","1","1","0","0","1","0","1","12","3","0","1","0","100.00"
"213","Alexandre Carrier","NSH","D","6","102.78333333333","1","1","0","1","2","100.00","8","12.50","0.47","14","12","4","1","0","0","0","0","0","0","0","2","1","2","3","23","13","0","0","-"
"215","Niko Mikkola","FLA","D","22","347.93333333333","1","1","0","1","2","14.29","16","6.25","0.55","32","21","7","1","1","2","8","4","4","0","0","0","14","4","49","72","23","0","0","-"
"216","Vladislav Gavrikov","L.A","D","5","82.783333333333","0","2","1","1","2","66.67","1","0.00","0.41","12","6","5","1","0","0","2","1","1","0","0","0","1","1","11","9","2","0","0","-"
"217","Mason Appleton","WPG","C","5","64.1","0","2","2","0","2","66.67","7","0.00","0.52","9","8","4","2","1","1","6","3","3","0","0","1","0","1","9","12","2","1","0","100.00"
"227","Ryan Lindgren","NYR","D","16","256.56666666667","0","2","2","0","2","25.00","8","0.00","0.31","32","15","9","1","0","1","6","3","3","0","0","0","5","5","18","43","15","0","0","-"
"231","Brett Howden","VGK","C","7","85.633333333333","1","1","0","1","2","100.00","7","14.29","1.04","21","16","14","5","0","0","0","0","0","0","0","0","0","1","22","8","5","4","8","33.33"
"241","Filip Hronek","VAN","D","13","223.76666666667","1","1","0","1","2","25.00","10","10.00","0.55","35","21","11","1","0","4","6","3","3","0","0","0","2","4","21","35","12","0","0","-"
"245","Brandon Hagel","T.B","L","5","75.3","1","1","0","1","2","100.00","5","20.00","0.55","13","7","7","2","1","0","2","1","1","0","0","3","4","4","10","19","3","1","2","33.33"
"248","Justin Brazeau","BOS","R","9","93.116666666667","1","1","0","1","2","66.67","10","10.00","1.68","19","15","13","9","1","3","12","2","1","0","1","0","5","2","31","9","4","0","1","0.00"
"279","K'Andre Miller","NYR","D","16","290.56666666667","0","2","2","0","2","18.18","12","0.00","0.69","48","28","12","1","0","4","8","4","4","0","0","5","7","6","28","17","19","0","0","-"
"301","Nils Hoglander","VAN","L","11","105.31666666667","1","1","0","1","2","66.67","8","12.50","1.49","13","12","8","7","0","2","2","1","1","0","0","3","2","4","13","21","1","0","0","-"
"302","Kaapo Kakko","NYR","R","15","171.9","1","1","1","0","2","66.67","18","5.56","1.77","41","27","13","5","2","1","0","0","0","0","0","3","2","3","20","16","2","4","3","57.14"
"307","Philip Broberg","EDM","D","8","109","2","0","0","0","2","40.00","5","40.00","0.1","16","6","3","0","0","1","0","0","0","0","0","0","4","1","2","26","13","0","0","-"
"313","Joel Kiviranta","COL","L","8","86.266666666667","1","1","1","0","2","66.67","7","14.29","0.96","21","12","11","4","2","3","4","2","2","0","0","2","0","1","23","14","3","2","4","33.33"
"314","Aliaksei Protas","WSH","C","4","51.533333333333","0","2","1","1","2","100.00","8","0.00","0.55","13","10","5","2","1","1","0","0","0","0","0","0","1","2","4","5","3","0","0","-"
"319","Braden Schneider","NYR","D","16","260.46666666667","0","2","2","0","2","33.33","15","0.00","0.6","51","25","10","0","0","5","16","4","3","0","1","0","14","1","29","61","30","0","0","-"
"321","Seth Jarvis","CAR","C","11","160.05","1","1","1","0","2","66.67","14","7.14","1.26","28","21","16","5","0","3","0","0","0","0","0","1","5","3","25","26","7","2","5","28.57"
"329","Alex Laferriere","L.A","R","5","63.1","1","1","1","0","2","50.00","9","11.11","0.99","24","17","11","6","0","4","0","0","0","0","0","0","0","0","22","11","2","0","1","0.00"
"330","Will Cuylle","NYR","L","16","178.78333333333","1","1","0","1","2","40.00","18","5.56","1.76","34","25","17","9","1","3","8","4","4","0","0","4","1","0","46","27","5","1","0","100.00"
"10","T.J. Oshie","WSH","R","4","51.1","0","1","1","0","1","50.00","2","0.00","0.1","4","3","2","0","0","0","4","2","2","0","0","1","3","2","10","8","1","0","1","0.00"
"12","Ryan Reaves","TOR","R","5","39.35","0","1","0","1","1","100.00","2","0.00","0.37","6","3","5","2","1","1","2","1","1","0","0","0","0","0","26","5","0","0","0","-"
"23","Robert Bortuzzo","NYI","D","5","60.733333333333","0","1","1","0","1","100.00","0","-","0.04","4","2","2","0","0","0","14","3","2","0","1","0","0","1","6","4","11","0","0","-"
"32","Tyler Myers","VAN","D","12","192.31666666667","0","1","0","1","1","12.50","6","0.00","0.68","29","15","9","1","0","4","6","3","3","0","0","2","4","2","33","17","24","0","0","-"
"33","John Carlson","WSH","D","4","74.583333333333","1","0","0","0","1","25.00","12","8.33","0.78","22","14","7","3","0","3","2","1","1","0","0","0","0","0","2","10","3","0","0","-"
"34","Roman Josi","NSH","D","6","115.3","0","1","1","0","1","20.00","8","0.00","0.45","26","15","5","1","0","2","2","1","1","0","0","0","4","0","3","12","10","0","0","-"
"40","Ryan O'Reilly","NSH","C","6","95.266666666667","0","1","1","0","1","25.00","7","0.00","0.52","9","8","5","4","0","1","0","0","0","0","0","1","2","3","1","9","7","43","51","45.74"
"41","John Tavares","TOR","C","7","98.933333333333","0","1","1","0","1","33.33","11","0.00","0.67","21","15","12","5","1","0","0","0","0","0","0","2","4","6","28","12","4","62","50","55.36"
"59","Chris Tanev","DAL","D","19","374.36666666667","0","1","0","1","1","7.69","13","0.00","0.57","41","30","8","0","3","3","6","3","3","0","0","0","9","7","27","89","53","0","0","-"
"74","Sam Carrick","EDM","C","10","85.916666666667","0","1","1","0","1","50.00","4","0.00","0.34","10","10","2","1","0","1","12","2","1","0","1","1","4","0","30","22","2","49","38","56.32"
"77","Dylan DeMelo","WPG","D","5","93.766666666667","0","1","1","0","1","33.33","5","0.00","0.07","12","5","2","0","0","3","2","1","1","0","0","0","1","2","17","23","2","0","0","-"
"80","Nick Cousins","FLA","C","11","94","0","1","1","0","1","33.33","8","0.00","0.54","22","13","10","4","2","2","20","2","0","0","2","1","1","5","17","23","7","0","2","0.00"
"83","Joel Edmundson","TOR","D","7","110.28333333333","0","1","0","1","1","33.33","7","0.00","0.42","28","13","6","1","0","0","4","2","2","0","0","2","5","1","18","24","8","0","0","-"
"84","William Karlsson","VGK","C","7","86.883333333333","0","1","0","1","1","50.00","7","0.00","0.28","21","10","7","1","2","2","0","0","0","0","0","0","3","2","8","8","4","19","13","59.38"
"91","Phillip Danault","L.A","C","5","69.233333333333","0","1","0","1","1","33.33","7","0.00","0.72","10","9","5","4","0","1","2","1","1","0","0","1","0","1","6","7","4","31","34","47.69"
"92","Vladislav Namestnikov","WPG","C","4","32.833333333333","1","0","0","0","1","50.00","3","33.33","0.78","5","5","5","3","0","0","2","1","1","0","0","0","0","0","7","4","2","3","5","37.50"
"93","Colin Miller","WPG","D","1","13.9","0","1","0","1","1","100.00","3","0.00","0.06","8","5","1","0","0","0","0","0","0","0","0","1","1","0","4","4","1","0","0","-"
"102","Mark Jankowski","NSH","C","6","51.483333333333","0","1","0","1","1","100.00","4","0.00","0.23","7","5","4","1","0","1","2","1","1","0","0","2","1","0","7","11","2","17","11","60.71"
"104","Tom Wilson","WSH","R","4","48.2","0","1","1","0","1","50.00","4","0.00","0.62","10","7","5","2","0","3","14","3","2","0","1","1","1","1","11","8","5","0","0","-"
"109","Radek Faksa","DAL","C","8","89.216666666667","1","0","0","0","1","100.00","8","12.50","0.62","18","14","8","2","0","1","2","1","1","0","0","1","2","2","26","14","5","20","22","47.62"
"116","Colton Sissons","NSH","C","6","73.15","1","0","0","0","1","33.33","8","12.50","1.32","11","9","8","5","0","1","6","3","3","0","0","1","4","3","16","9","6","28","34","45.16"
"117","Teddy Blueger","VAN","C","13","137.65","0","1","1","0","1","33.33","4","0.00","0.73","19","12","9","3","0","2","6","3","3","0","0","1","0","1","18","16","7","36","26","58.06"
"118","Jake McCabe","TOR","D","7","118.1","1","0","0","0","1","25.00","3","33.33","0.2","10","6","1","1","0","1","4","2","2","0","0","0","6","6","19","26","10","0","1","0.00"
"124","Nate Schmidt","WPG","D","3","39.733333333333","1","0","0","0","1","50.00","4","25.00","0.17","12","8","2","0","0","0","0","0","0","0","0","0","0","1","4","4","6","0","0","-"
"125","Tyler Motte","T.B","C","5","38.05","1","0","0","0","1","100.00","1","100.00","0.22","7","4","2","0","0","1","2","1","1","0","0","0","0","2","9","8","2","1","1","50.00"
"134","Nicholas Paul","T.B","L","5","64.85","1","0","0","0","1","100.00","9","11.11","0.72","11","10","6","3","2","0","6","3","3","0","0","1","2","2","15","11","4","36","28","56.25"
"138","William Carrier","VGK","L","7","74.366666666667","1","0","0","0","1","33.33","9","11.11","0.67","19","14","7","3","0","4","6","3","3","0","0","1","1","2","32","9","2","0","1","0.00"
"143","Jonathan Drouin","COL","L","3","63.333333333333","0","1","1","0","1","33.33","4","0.00","0.59","15","8","8","1","0","0","2","1","1","0","0","0","3","1","6","2","1","6","7","46.15"
"150","Josh Morrissey","WPG","D","5","96.783333333333","1","0","0","0","1","20.00","7","14.29","0.2","17","10","6","0","0","0","2","1","1","0","0","2","2","2","4","9","8","0","0","-"
"163","Kevin Fiala","L.A","L","5","73","1","0","0","0","1","33.33","14","7.14","0.82","29","17","13","4","1","1","2","1","1","0","0","0","2","2","10","5","2","0","0","-"
"169","Andreas Englund","L.A","D","5","62.166666666667","0","1","0","1","1","50.00","0","-","0.03","4","2","2","1","0","0","9","3","2","1","0","1","2","0","25","9","5","0","0","-"
"178","Danton Heinen","BOS","L","8","90.5","0","1","1","0","1","33.33","9","0.00","0.88","17","11","8","4","0","1","0","0","0","0","0","0","5","1","10","21","2","1","2","33.33"
"181","Pierre Engvall","NYI","L","5","75.616666666667","1","0","0","0","1","50.00","9","11.11","0.95","14","13","8","6","2","3","0","0","0","0","0","1","5","1","4","3","1","3","4","42.86"
"188","Erik Cernak","T.B","D","5","83.6","0","1","0","1","1","33.33","2","0.00","0.07","11","3","3","0","0","1","2","1","1","0","0","1","3","1","18","16","6","0","0","-"
"193","Dylan Strome","WSH","C","4","54.716666666667","0","1","0","1","1","50.00","6","0.00","1.3","12","10","9","6","0","1","0","0","0","0","0","0","4","1","4","7","2","22","28","44.00"
"207","Yakov Trenin","COL","C","10","86.516666666667","1","0","0","0","1","33.33","8","12.50","0.94","23","11","10","5","0","2","2","1","1","0","0","1","1","3","28","16","2","29","35","45.31"
"208","Anthony Cirelli","T.B","C","5","69.433333333333","0","1","1","0","1","100.00","4","0.00","0.92","12","8","8","6","2","4","0","0","0","0","0","1","3","1","19","20","6","14","24","36.84"
"211","Derek Ryan","EDM","C","17","122.3","0","1","1","0","1","50.00","10","0.00","1.12","19","14","11","6","0","1","6","3","3","0","0","1","6","4","28","18","6","27","40","40.30"
"212","Kevin Stenlund","FLA","C","22","191.21666666667","0","1","1","0","1","50.00","11","0.00","0.89","30","16","10","4","1","1","6","3","3","0","0","5","3","4","41","40","7","84","72","53.85"
"219","Matt Roy","L.A","D","5","82.05","0","1","0","1","1","25.00","5","0.00","0.33","16","9","4","1","0","0","2","1","1","0","0","0","1","0","15","8","9","0","0","-"
"220","Jalen Chatfield","CAR","D","11","206.61666666667","0","1","0","1","1","16.67","12","0.00","0.41","41","23","9","1","1","5","0","0","0","0","0","1","4","5","11","34","13","0","0","-"
"236","Logan Stanley","WPG","D","3","29.9","0","1","0","1","1","50.00","2","0.00","0.06","5","3","2","0","1","0","6","3","3","0","0","1","1","0","16","9","3","0","0","-"
"239","Pierre-Luc Dubois","L.A","C","5","66.516666666667","1","0","0","0","1","33.33","3","33.33","0.5","10","7","4","1","0","0","20","6","5","0","1","4","3","1","23","12","1","29","33","46.77"
"242","Brandon Duhaime","COL","R","11","82.1","1","0","0","0","1","50.00","6","16.67","1.22","15","12","10","6","0","2","8","4","4","0","0","4","2","0","38","18","6","0","0","-"
"246","Vincent Desharnais","EDM","D","16","222.71666666667","0","1","0","1","1","20.00","6","0.00","0.19","23","11","3","0","0","3","22","3","1","0","2","3","8","5","33","43","25","0","0","-"
"249","Tanner Jeannot","T.B","L","4","34.8","0","1","1","0","1","100.00","3","0.00","0.38","7","5","3","2","1","0","2","1","1","0","0","2","0","0","17","8","1","0","0","-"
"250","Trevor Moore","L.A","L","5","70.683333333333","1","0","0","0","1","33.33","13","7.69","1.24","24","19","8","7","0","2","4","2","2","0","0","0","0","3","10","13","3","1","0","100.00"
"255","Jesper Boqvist","BOS","C","8","76.483333333333","0","1","1","0","1","50.00","4","0.00","0.4","8","6","3","2","1","0","0","0","0","0","0","0","2","1","26","14","4","8","7","53.33"
"262","Timothy Liljegren","TOR","D","6","95.5","0","1","1","0","1","50.00","0","-","0.03","6","1","2","0","1","1","2","1","1","0","0","0","3","1","11","29","5","0","0","-"
"266","Alex Iafallo","WPG","L","5","41.516666666667","0","1","1","0","1","50.00","1","0.00","0.02","4","3","1","0","0","0","0","0","0","0","0","0","0","1","6","3","6","0","0","-"
"267","David Kampf","TOR","C","7","77.833333333333","1","0","0","0","1","50.00","10","10.00","0.42","16","11","6","2","1","1","0","0","0","0","0","0","2","1","12","16","0","28","19","59.57"
"268","Neal Pionk","WPG","D","5","87.783333333333","0","1","0","1","1","20.00","4","0.00","0.31","14","8","4","2","0","2","2","1","1","0","0","0","1","1","15","16","12","0","0","-"
"280","Alexander Alexeyev","WSH","D","4","64.233333333333","0","1","1","0","1","100.00","2","0.00","0.1","12","4","2","1","0","5","4","2","2","0","0","1","1","1","5","9","5","0","0","-"
"281","Jesperi Kotkaniemi","CAR","C","11","120.1","0","1","0","1","1","25.00","15","0.00","1.42","31","25","15","5","0","3","4","2","2","0","0","5","2","2","11","20","8","24","19","55.81"
"284","Ty Dellandrea","DAL","C","6","57.733333333333","1","0","0","0","1","50.00","7","14.29","0.33","10","7","5","2","0","0","2","1","1","0","0","0","0","0","10","8","2","6","8","42.86"
"287","Nils Lundkvist","DAL","D","12","52.183333333333","0","1","1","0","1","33.33","4","0.00","0.14","13","7","4","0","3","2","2","1","1","0","0","1","0","0","6","15","3","0","0","-"
"290","Connor Dewar","TOR","C","6","60.816666666667","0","1","1","0","1","100.00","5","0.00","0.25","9","7","4","1","1","1","0","0","0","0","0","1","3","3","14","10","2","0","2","0.00"
"292","Alexander Romanov","NYI","D","5","102.95","0","1","0","1","1","25.00","6","0.00","0.27","22","14","6","0","1","1","0","0","0","0","0","2","3","2","7","22","12","0","0","-"
"294","David Gustafsson","WPG","C","4","28.366666666667","1","0","0","0","1","50.00","4","25.00","0.42","6","5","3","2","0","1","2","1","1","0","0","1","1","0","6","14","3","8","8","50.00"
"299","Kyle MacLean","NYI","C","5","58.583333333333","1","0","0","0","1","100.00","6","16.67","0.86","12","9","4","3","0","2","5","1","0","1","0","2","2","2","7","2","5","17","22","43.59"
"300","Blake Lizotte","L.A","C","5","41.7","1","0","0","0","1","100.00","3","33.33","0.43","10","8","6","2","2","2","2","1","1","0","0","1","2","0","10","10","3","11","7","61.11"
"303","John Beecher","BOS","C","12","101.73333333333","1","0","0","0","1","100.00","11","9.09","1.74","19","15","14","11","2","6","2","1","1","0","0","2","3","4","22","22","8","47","53","47.00"
"304","Connor McMichael","WSH","C","4","46.233333333333","1","0","0","0","1","100.00","9","11.11","0.52","18","11","10","3","2","0","2","1","1","0","0","2","1","2","2","1","0","16","20","44.44"
"310","Jordan Spence","L.A","D","5","70.366666666667","0","1","1","0","1","33.33","3","0.00","0.09","6","4","0","0","0","1","0","0","0","0","0","0","0","1","8","6","5","0","0","-"
"326","Luke Evangelista","NSH","R","6","58.733333333333","1","0","0","0","1","100.00","10","10.00","0.73","14","11","6","3","0","3","0","0","0","0","0","2","3","1","2","8","0","0","0","-"
"327","Hendrix Lapierre","WSH","C","4","39.633333333333","1","0","0","0","1","100.00","7","14.29","0.74","12","9","7","5","0","1","0","0","0","0","0","2","0","2","8","7","2","8","15","34.78"
"331","Matt Rempe","NYR","C","11","67.283333333333","1","0","0","0","1","33.33","5","20.00","0.57","6","6","5","3","0","0","10","5","5","0","0","0","0","1","38","11","4","2","1","66.67"
"6","Alex Ovechkin","WSH","L","4","43.183333333333","0","0","0","0","0","0.00","3","0.00","0.32","9","4","6","2","0","1","0","0","0","0","0","0","1","0","12","2","0","0","0","-"
"7","Blake Wheeler","NYR","R","1","9.3","0","0","0","0","0","-","0","-","0","1","0","0","0","0","0","2","1","1","0","0","0","0","1","4","0","2","1","0","100.00"
"8","Jack Johnson","COL","D","11","147.01666666667","0","0","0","0","0","0.00","4","0.00","0.15","15","8","2","0","0","3","2","1","1","0","0","2","3","2","21","16","8","0","0","-"
"15","Trevor Lewis","L.A","C","5","42.983333333333","0","0","0","0","0","-","8","0.00","0.56","15","13","4","3","0","3","0","0","0","0","0","0","0","0","18","5","2","1","7","12.50"
"16","Cal Clutterbuck","NYI","R","5","39.05","0","0","0","0","0","-","1","0.00","0.21","5","3","2","1","0","0","10","1","0","0","1","0","2","1","15","4","3","0","4","0.00"
"20","Kevin Shattenkirk","BOS","D","6","61.5","0","0","0","0","0","0.00","2","0.00","0.06","5","3","1","0","0","0","0","0","0","0","0","0","0","0","7","13","1","0","0","-"
"25","Ryan McDonagh","NSH","D","6","112.03333333333","0","0","0","0","0","0.00","5","0.00","0.36","15","7","5","1","1","1","6","3","3","0","0","0","5","2","10","10","12","0","0","-"
"26","Max Pacioretty","WSH","L","4","40.2","0","0","0","0","0","-","5","0.00","0.7","10","8","5","2","1","0","2","1","1","0","0","1","2","3","2","3","0","1","0","100.00"
"27","Alec Martinez","VGK","D","6","96.2","0","0","0","0","0","0.00","4","0.00","0.1","18","9","2","0","0","0","0","0","0","0","0","0","0","1","6","18","10","0","0","-"
"30","Alex Pietrangelo","VGK","D","7","137.93333333333","0","0","0","0","0","0.00","10","0.00","1.33","32","20","13","2","0","5","4","2","2","0","0","0","3","2","7","20","15","0","0","-"
"31","Luke Schenn","NSH","D","5","68.3","0","0","0","0","0","0.00","5","0.00","0.07","14","7","4","0","1","0","0","0","0","0","0","0","3","2","14","7","5","0","0","-"
"36","TJ Brodie","TOR","D","1","13.9","0","0","0","0","0","-","1","0.00","0.02","3","1","0","0","0","0","0","0","0","0","0","0","0","0","2","0","1","0","0","-"
"38","Matt Martin","NYI","L","3","28.366666666667","0","0","0","0","0","-","2","0.00","0.37","5","3","3","3","0","0","16","4","3","0","1","1","0","1","7","2","3","2","1","66.67"
"46","Calvin de Haan","T.B","D","1","7.9333333333333","0","0","0","0","0","-","0","-","0.01","1","1","0","0","0","0","0","0","0","0","0","0","1","0","1","1","1","0","0","-"
"47","Dmitry Kulikov","FLA","D","22","259.2","0","0","0","0","0","0.00","12","0.00","0.57","37","20","7","1","2","3","16","4","3","0","1","1","7","6","49","68","19","0","0","-"
"50","Tyson Barrie","NSH","D","1","12.583333333333","0","0","0","0","0","-","0","-","0","2","0","0","0","0","0","0","0","0","0","0","0","0","0","0","1","0","0","0","-"
"56","Nick Jensen","WSH","D","1","18.216666666667","0","0","0","0","0","-","1","0.00","0.1","4","2","2","0","0","0","2","1","1","0","0","0","4","1","0","5","1","0","0","-"
"57","Nic Dowd","WSH","C","4","43.65","0","0","0","0","0","0.00","2","0.00","0.11","6","2","4","1","0","0","6","3","3","0","0","2","0","0","18","12","3","21","16","56.76"
"60","Calle Jarnkrok","TOR","C","7","70.25","0","0","0","0","0","-","7","0.00","0.74","19","12","9","2","0","2","0","0","0","0","0","2","1","0","7","8","3","5","4","55.56"
"66","Alex Petrovic","DAL","D","7","84.183333333333","0","0","0","0","0","0.00","4","0.00","0.03","10","5","1","0","0","0","2","1","1","0","0","0","2","5","14","12","4","0","0","-"
"67","Derek Forbort","BOS","D","3","41.85","0","0","0","0","0","0.00","1","0.00","0.04","3","1","1","0","0","0","0","0","0","0","0","0","2","0","8","12","5","0","0","-"
"69","Chris Wagner","COL","R","2","17.45","0","0","0","0","0","-","0","-","0.08","2","1","1","0","0","0","0","0","0","0","0","0","0","0","10","6","0","5","4","55.56"
"72","Dylan McIlrath","WSH","D","4","42.7","0","0","0","0","0","0.00","1","0.00","0.02","7","2","4","0","0","1","10","1","0","0","1","0","1","1","7","8","4","0","0","-"
"75","Mark Stone","VGK","R","7","100.4","0","0","0","0","0","-","4","0.00","0.53","14","7","7","3","1","3","2","1","1","0","0","1","7","1","12","6","2","0","0","-"
"81","Jean-Gabriel Pageau","NYI","C","4","55.366666666667","0","0","0","0","0","0.00","5","0.00","1.06","10","8","7","5","0","3","0","0","0","0","0","0","2","0","4","5","3","38","25","60.32"
"82","Mike Reilly","NYI","D","5","80.1","0","0","0","0","0","0.00","6","0.00","0.1","10","9","3","0","1","0","0","0","0","0","0","3","4","1","0","10","7","0","0","-"
"96","Luke Glendening","T.B","C","5","35.583333333333","0","0","0","0","0","0.00","3","0.00","0.84","6","6","5","4","0","1","0","0","0","0","0","0","0","0","16","5","0","14","8","63.64"
"99","Matt Dumba","T.B","D","5","69.616666666667","0","0","0","0","0","0.00","5","0.00","0.32","17","8","7","2","0","3","0","0","0","0","0","0","3","2","24","15","5","0","0","-"
"105","Tomas Hertl","VGK","C","7","111.13333333333","0","0","0","0","0","-","10","0.00","1.94","17","16","12","10","0","2","2","1","1","0","0","1","2","0","27","14","4","40","34","54.05"
"110","Matt Grzelcyk","BOS","D","3","50.966666666667","0","0","0","0","0","0.00","3","0.00","0.17","5","5","2","0","1","0","2","1","1","0","0","0","2","1","6","8","5","0","0","-"
"112","Chandler Stephenson","VGK","C","7","100.96666666667","0","0","0","0","0","-","5","0.00","0.37","6","6","3","3","0","0","8","4","4","0","0","0","4","2","16","13","6","24","37","39.34"
"123","Ben Hutton","VGK","D","1","13.8","0","0","0","0","0","0.00","1","0.00","0.04","5","2","0","0","0","0","0","0","0","0","0","0","0","2","2","1","3","0","0","-"
"127","Jonny Brodzinski","NYR","C","3","24.983333333333","0","0","0","0","0","0.00","2","0.00","0.22","4","4","3","1","0","1","0","0","0","0","0","1","0","2","0","4","3","6","6","50.00"
"128","Hudson Fasching","NYI","R","4","53.583333333333","0","0","0","0","0","0.00","2","0.00","0.41","5","3","4","2","0","0","2","1","1","0","0","0","3","0","2","5","4","0","0","-"
"135","Michael McCarron","NSH","R","6","68.366666666667","0","0","0","0","0","-","6","0.00","0.74","10","8","5","3","0","0","2","1","1","0","0","1","1","1","9","16","6","37","29","56.06"
"136","Shea Theodore","VGK","D","7","145.06666666667","0","0","0","0","0","0.00","10","0.00","0.35","29","17","7","0","0","1","0","0","0","0","0","2","1","5","1","8","12","0","0","-"
"140","Brett Pesce","CAR","D","2","25.5","0","0","0","0","0","0.00","1","0.00","0.05","4","3","1","0","0","1","2","1","1","0","0","1","0","0","2","2","3","0","0","-"
"145","Sean Monahan","WPG","C","5","64.966666666667","0","0","0","0","0","0.00","10","0.00","1.05","12","11","7","4","0","0","0","0","0","0","0","0","0","1","6","5","3","26","32","44.83"
"154","Anthony Mantha","VGK","R","3","40.8","0","0","0","0","0","-","5","0.00","0.31","10","6","5","1","1","2","2","1","1","0","0","1","2","1","5","5","1","0","0","-"
"155","Trevor van Riemsdyk","WSH","D","3","33.666666666667","0","0","0","0","0","-","2","0.00","0.06","5","4","1","0","0","1","0","0","0","0","0","2","0","0","1","3","5","0","0","-"
"156","Patrick Brown","BOS","C","1","7.9","0","0","0","0","0","-","0","-","0","0","0","0","0","0","0","2","1","1","0","0","0","0","0","9","2","1","4","2","66.67"
"164","Sonny Milano","WSH","L","4","39.95","0","0","0","0","0","0.00","2","0.00","0.14","3","2","2","1","0","1","0","0","0","0","0","0","2","0","2","11","1","0","2","0.00"
"170","Nicolas Aube-Kubel","WSH","R","3","28.083333333333","0","0","0","0","0","-","0","-","0.01","3","1","0","0","0","0","2","1","1","0","0","0","1","0","5","5","2","1","1","50.00"
"177","Sam Lafferty","VAN","C","11","93.416666666667","0","0","0","0","0","0.00","7","0.00","1.38","19","17","11","5","1","2","2","1","1","0","0","1","2","0","27","10","0","16","19","45.71"
"182","Darren Raddysh","T.B","D","3","45.533333333333","0","0","0","0","0","0.00","4","0.00","0.25","14","10","2","0","1","1","0","0","0","0","0","2","1","0","11","13","6","0","0","-"
"191","Keegan Kolesar","VGK","R","6","66.2","0","0","0","0","0","0.00","5","0.00","0.26","7","6","4","2","1","1","2","1","1","0","0","0","0","0","20","8","3","4","0","100.00"
"192","Tommy Novak","NSH","C","6","49.633333333333","0","0","0","0","0","-","4","0.00","0.49","9","6","3","2","2","0","0","0","0","0","0","1","1","2","4","12","5","6","7","46.15"
"199","Caleb Jones","COL","D","3","32.566666666667","0","0","0","0","0","0.00","0","-","0","2","0","1","0","0","0","6","3","3","0","0","0","0","0","4","3","2","0","0","-"
"200","Noah Juulsen","VAN","D","2","21.866666666667","0","0","0","0","0","0.00","1","0.00","0.05","5","4","0","0","0","0","4","2","2","0","0","0","0","1","9","4","1","0","0","-"
"202","Nicolas Roy","VGK","C","7","82.016666666667","0","0","0","0","0","0.00","2","0.00","0.22","11","3","5","3","0","1","4","2","2","0","0","1","1","3","25","8","5","25","41","37.88"
"204","Jeremy Lauzon","NSH","D","6","96.483333333333","0","0","0","0","0","0.00","3","0.00","0.11","6","5","1","0","0","0","4","2","2","0","0","2","1","0","21","13","4","0","0","-"
"222","Ryan Lomberg","FLA","L","6","44.183333333333","0","0","0","0","0","-","9","0.00","0.48","13","10","6","2","0","1","0","0","0","0","0","1","1","0","23","7","3","1","0","100.00"
"225","Lucas Johansen","WSH","D","2","27.983333333333","0","0","0","0","0","-","2","0.00","0.06","4","3","0","0","0","0","0","0","0","0","0","1","0","0","1","1","0","0","0","-"
"229","Carl Grundstrom","L.A","R","5","27.6","0","0","0","0","0","-","3","0.00","0.11","4","4","1","0","0","0","0","0","0","0","0","0","1","0","9","4","1","0","0","-"
"232","Beck Malenstyn","WSH","L","4","34.666666666667","0","0","0","0","0","-","2","0.00","0.12","5","3","1","1","0","0","2","1","1","0","0","2","0","0","12","8","7","1","0","100.00"
"234","Andrew Peeke","BOS","D","6","75.633333333333","0","0","0","0","0","-","1","0.00","0.02","7","3","0","0","0","0","2","1","1","0","0","0","0","0","5","17","6","0","0","-"
"235","Dante Fabbro","NSH","D","3","39.216666666667","0","0","0","0","0","0.00","1","0.00","0.16","5","5","0","0","0","0","0","0","0","0","0","0","1","0","0","8","4","0","0","-"
"237","Noah Gregor","TOR","C","2","16.15","0","0","0","0","0","-","1","0.00","0.18","5","5","1","1","0","0","0","0","0","0","0","0","2","0","7","3","1","0","0","-"
"240","Mikhail Sergachev","T.B","D","2","27.85","0","0","0","0","0","-","2","0.00","0.12","6","5","1","0","1","1","0","0","0","0","0","0","2","0","1","7","3","0","0","-"
"244","Axel Jonsson-Fjallby","WPG","L","1","6.75","0","0","0","0","0","-","0","-","0.02","2","1","1","0","0","0","0","0","0","0","0","0","0","0","1","1","0","0","0","-"
"247","Michael Eyssimont","T.B","C","5","58.316666666667","0","0","0","0","0","-","11","0.00","0.73","19","15","7","3","3","1","2","1","1","0","0","0","1","0","16","17","0","0","2","0.00"
"251","Nicolas Hague","VGK","D","1","14.016666666667","0","0","0","0","0","-","1","0.00","0.02","3","1","1","0","0","1","0","0","0","0","0","0","0","0","4","4","0","0","0","-"
"259","Max Comtois","CAR","L","1","6.3166666666667","0","0","0","0","0","-","0","-","0","1","0","0","0","0","0","0","0","0","0","0","0","0","0","3","1","2","0","0","-"
"263","Dylan Samberg","WPG","D","5","65.266666666667","0","0","0","0","0","0.00","3","0.00","0.06","6","3","1","0","0","1","0","0","0","0","0","0","2","0","8","13","9","0","0","-"
"265","Filip Chytil","NYR","C","6","72.083333333333","0","0","0","0","0","-","8","0.00","0.66","21","14","12","6","2","0","2","1","1","0","0","1","1","0","8","11","5","2","4","33.33"
"270","Nick Perbix","T.B","D","2","34.516666666667","0","0","0","0","0","0.00","4","0.00","0.13","9","5","2","0","0","0","2","1","1","0","0","0","0","0","7","8","3","0","0","-"
"271","Sean Walker","COL","D","11","180.83333333333","0","0","0","0","0","0.00","15","0.00","0.86","40","22","7","1","0","5","6","3","3","0","0","1","8","4","22","33","15","0","0","-"
"273","Zach Whitecloud","VGK","D","6","86.4","0","0","0","0","0","0.00","3","0.00","0.14","14","7","2","0","0","1","2","1","1","0","0","1","1","2","8","20","5","0","0","-"
"274","Kiefer Sherwood","NSH","L","6","68.05","0","0","0","0","0","-","1","0.00","0.25","11","9","5","1","0","0","0","0","0","0","0","0","1","3","33","4","3","2","1","66.67"
"285","Noah Dobson","NYI","D","5","107.31666666667","0","0","0","0","0","0.00","5","0.00","0.51","16","11","5","2","1","1","4","2","2","0","0","0","4","1","4","16","7","0","0","-"
"286","Rasmus Sandin","WSH","D","1","19.283333333333","0","0","0","0","0","-","0","-","0.01","4","1","0","0","0","2","2","1","1","0","0","0","2","0","4","3","2","0","0","-"
"288","Jakub Lauko","BOS","C","5","44.716666666667","0","0","0","0","0","-","7","0.00","0.33","10","10","3","2","1","0","2","1","1","0","0","2","0","0","17","5","1","1","1","50.00"
"291","Pontus Holmberg","TOR","R","7","68.116666666667","0","0","0","0","0","-","6","0.00","0.88","8","6","5","3","2","2","2","1","1","0","0","1","4","1","13","19","1","13","11","54.17"
"293","Ruslan Iskhakov","NYI","C","1","5.9666666666667","0","0","0","0","0","-","0","-","0","0","0","0","0","0","0","0","0","0","0","0","0","0","0","0","0","1","0","0","-"
"295","Linus Karlsson","VAN","C","2","19.2","0","0","0","0","0","-","0","-","0.28","4","2","2","2","0","0","2","1","1","0","0","1","0","2","1","2","0","0","0","-"
"296","Nikolai Kovalenko","COL","R","2","13.6","0","0","0","0","0","-","1","0.00","0.03","2","1","1","0","0","0","0","0","0","0","0","0","1","0","5","1","0","1","0","100.00"
"297","Spencer Stastney","NSH","D","3","27.433333333333","0","0","0","0","0","0.00","1","0.00","0.29","5","2","3","1","1","1","0","0","0","0","0","1","1","0","0","5","1","0","0","-"
"298","Simon Benoit","TOR","D","7","108.05","0","0","0","0","0","0.00","6","0.00","0.16","15","8","3","0","0","0","4","2","2","0","0","1","4","0","32","30","8","0","0","-"
"306","Nicholas Robertson","TOR","L","6","49.266666666667","0","0","0","0","0","-","9","0.00","0.76","14","10","8","3","0","1","0","0","0","0","0","0","0","0","6","7","1","0","1","0.00"
"308","Simon Holmstrom","NYI","R","3","33","0","0","0","0","0","0.00","1","0.00","0.07","3","2","1","0","0","0","0","0","0","0","0","0","0","1","0","3","1","1","5","16.67"
"309","Pavel Dorofeyev","VGK","L","1","7.1","0","0","0","0","0","-","0","-","0.03","1","1","0","0","0","0","0","0","0","0","0","0","0","0","0","0","0","0","1","0.00"
"311","Vasily Podkolzin","VAN","R","2","16.966666666667","0","0","0","0","0","0.00","2","0.00","0.25","4","3","1","1","0","0","10","1","0","0","1","0","0","1","6","2","1","0","0","-"
"312","Ilya Mikheyev","VAN","R","11","121.06666666667","0","0","0","0","0","0.00","11","0.00","1.64","26","21","18","7","0","2","0","0","0","0","0","0","2","0","9","14","3","2","2","50.00"
"315","Juuso Parssinen","NSH","C","1","15.183333333333","0","0","0","0","0","-","1","0.00","0.15","2","1","1","1","0","0","0","0","0","0","0","0","0","0","2","0","1","0","0","-"
"316","Maxwell Crozier","T.B","D","3","41.883333333333","0","0","0","0","0","-","4","0.00","0.23","10","7","4","0","0","0","2","1","1","0","0","0","1","0","5","12","2","0","0","-"
"317","Cole Smith","NSH","L","5","54.533333333333","0","0","0","0","0","-","4","0.00","0.15","8","5","3","0","1","1","0","0","0","0","0","0","0","0","12","10","0","0","0","-"
"318","Mitchell Chaffee","T.B","R","5","58.733333333333","0","0","0","0","0","0.00","4","0.00","0.51","8","8","5","2","2","0","2","1","1","0","0","0","2","0","23","10","3","0","0","-"
"325","Mavrik Bourque","DAL","C","1","7.9333333333333","0","0","0","0","0","-","2","0.00","0.08","3","3","1","1","0","0","0","0","0","0","0","0","0","0","1","0","0","0","0","-"
"328","Cole Perfetti","WPG","C","1","10.933333333333","0","0","0","0","0","-","3","0.00","0.18","3","3","0","0","0","0","0","0","0","0","0","0","2","0","3","0","0","0","1","0.00"
"332","Nils Aman","VAN","C","5","39.733333333333","0","0","0","0","0","0.00","0","-","0","0","0","0","0","0","0","0","0","0","0","0","0","0","0","5","7","2","6","7","46.15"
"337","Vincent Iorio","WSH","D","1","1.8333333333333","0","0","0","0","0","-","0","-","0","0","0","0","0","0","0","0","0","0","0","0","0","0","0","0","1","0","0","0","-"
"338","Emil Lilleberg","T.B","D","5","76.716666666667","0","0","0","0","0","0.00","5","0.00","0.32","13","12","3","0","0","2","2","1","1","0","0","1","2","2","13","21","3","0","0","-"
"339","Ivan Miroshnichenko","WSH","L","1","9.5166666666667","0","0","0","0","0","-","2","0.00","0.21","2","2","1","1","0","2","0","0","0","0","0","0","1","1","3","2","0","0","0","-"