,Player,Team,Position,Age,Date of Birth,Birth City,Birth State/Province,Birth Country,Nationality,Height (in),Weight (lbs),Draft Year,Draft Team,Draft Round,Round Pick,Overall Draft Position
390,A.J. Greer,CGY,L,27,12/14/1996,Joliette,QC,CAN,CAN,75,208,2015,COL,2,9,39
316,Aaron Ekblad,FLA,D,28,2/7/1996,Windsor,ON,CAN,CAN,76,215,2014,FLA,1,1,1
711,Adam Beckman,MIN,L,23,5/10/2001,Saskatoon,SK,CAN,CAN,74,182,2019,MIN,3,13,75
646,Adam Boqvist,CBJ,D,23,8/15/2000,Falun,,SWE,SWE,72,182,2018,CHI,1,8,8
755,Adam Edstrom,NYR,C,23,10/12/2000,,,SWE,SWE,79,220,2019,NYR,6,6,161
275,Adam Erne,EDM,L,29,4/20/1995,New Haven,CT,USA,USA,73,212,2013,T.B,2,3,33
912,Adam Fantilli,CBJ,C,19,10/12/2004,,,CAN,,74,194,2023,CBJ,1,3,3
460,Adam Fox,NYR,D,26,2/17/1998,Jericho,NY,USA,USA,71,182,2016,CGY,3,5,66
440,Adam Gaudette,STL,C,27,10/3/1996,Braintree,MA,USA,USA,73,194,2015,VAN,5,28,149
648,Adam Ginning,PHI,D,24,1/13/2000,Linkoping,,SWE,SWE,75,188,2018,PHI,2,19,50
65,Adam Henrique,"ANA, EDM",C,34,2/6/1990,Brantford,ON,CAN,CAN,72,195,2008,N.J,3,21,82
902,Adam Klapka,CGY,R,23,9/14/2000,Praha,,CZE,CZE,80,235,-,-,-,-,-
172,Adam Larsson,SEA,D,31,11/12/1992,Skellefteå,,SWE,SWE,75,209,2011,N.J,1,4,4
158,Adam Lowry,WPG,C,31,3/29/1993,St. Louis,MO,USA,USA,78,208,2011,WPG,3,6,67
222,Adam Pelech,NYI,D,29,8/16/1994,Toronto,ON,CAN,CAN,75,210,2012,NYI,3,4,65
815,Adam Raska,MIN,R,22,9/25/2001,Frydek-Mistek,,CZE,CZE,70,178,2020,S.J,7,15,201
551,Adam Ruzicka,"ARI, CGY",C,25,5/11/1999,Bratislava,,SVK,SVK,76,215,2017,CGY,4,16,109
335,Adrian Kempe,L.A,R,27,9/13/1996,Kramfors,,SWE,SWE,74,200,2014,L.A,1,29,29
640,Akil Thomas,L.A,C,24,1/2/2000,Toronto,ON,CAN,CAN,72,171,2018,L.A,2,20,51
914,Akito Hirose,VAN,D,25,4/9/1999,CALGARY,AB,CAN,CAN,72,170,-,-,-,-,-
747,Aku Raty,ARI,R,22,7/5/2001,,,FIN,,72,170,2019,ARI,5,27,151
50,Alec Martinez,VGK,D,36,7/26/1987,Rochester Hills,MI,USA,USA,73,210,2007,L.A,4,4,95
287,Aleksander Barkov,FLA,C,28,9/2/1995,Tampere,,FIN,FIN,75,215,2013,FLA,1,2,2
525,Alex Barré-Boulet,T.B,C,27,5/21/1997,Montmagny,QC,CAN,CAN,70,180,-,-,-,-,-
466,Alex DeBrincat,DET,R,26,12/18/1997,Farmington Hills,MI,USA,USA,68,178,2016,CHI,2,9,39
11,Alex Goligoski,MIN,D,38,7/30/1985,Grand Rapids,MN,USA,USA,71,173,2004,PIT,2,31,61
580,Alex Iafallo,WPG,L,30,12/21/1993,Eden,NY,USA,USA,72,200,-,-,-,-,-
241,Alex Kerfoot,ARI,C,29,8/11/1994,Vancouver,BC,CAN,CAN,71,186,2012,N.J,5,29,150
32,Alex Killorn,ANA,"C, L",34,9/14/1989,Halifax,NS,CAN,CAN,73,194,2007,T.B,3,16,77
804,Alex Laferriere,L.A,R,22,10/28/2001,Chatham,NJ,USA,USA,72,173,2020,L.A,3,21,83
740,Alex Newhook,MTL,C,23,1/28/2001,St. John's,NL,CAN,CAN,70,190,2019,COL,1,16,16
8,Alex Ovechkin,WSH,L,38,9/17/1985,Moscow,,RUS,RUS,75,238,2004,WSH,1,1,1
121,Alex Petrovic,DAL,D,32,3/3/1992,Edmonton,AB,CAN,CAN,76,220,2010,FLA,2,6,36
54,Alex Pietrangelo,VGK,D,34,1/18/1990,King City,ON,CAN,CAN,75,215,2008,STL,1,4,4
831,Alex Steeves,TOR,C,24,12/10/1999,Bedford,NH,USA,USA,72,196,-,-,-,-,-
328,Alex Tuch,BUF,R,28,5/10/1996,Syracuse,NY,USA,USA,76,219,2014,MIN,1,18,18
701,Alex Turcotte,L.A,C,23,2/26/2001,Elk Grove,IL,USA,USA,71,185,2019,L.A,1,5,5
720,Alex Vlasic,CHI,D,23,6/5/2001,Wilmette,IL,USA,USA,78,199,2019,CHI,2,12,43
298,Alex Wennberg,"NYR, SEA",C,29,9/22/1994,Stockholm,,SWE,SWE,74,190,2013,CBJ,1,14,14
629,Alexander Alexeyev,WSH,D,24,11/15/1999,St. Petersburg,,RUS,RUS,76,213,2018,WSH,1,31,31
817,Alexander Barabanov,S.J,L,29,6/17/1994,St. Petersburg,,RUS,RUS,70,195,-,-,-,-,-
792,Alexander Holtz,N.J,R,22,1/23/2002,Stockholm,,SWE,SWE,72,195,2020,N.J,1,7,7
501,Alexander Nylander,"CBJ, PIT",L,26,3/2/1998,Calgary,AB,CAN,CAN,73,192,2016,BUF,1,8,8
663,Alexander Romanov,NYI,D,24,1/6/2000,Moscow,,RUS,RUS,73,215,2018,MTL,2,7,38
434,Alexandre Carrier,NSH,D,27,10/8/1996,Quebec City,QC,CAN,CAN,71,174,2015,NSH,4,24,115
576,Alexandre Texier,CBJ,C,24,9/13/1999,St. Martin D'heres,,FRA,FRA,73,186,2017,CBJ,2,14,45
601,Alexey Toropchenko,STL,R,24,6/25/1999,Moscow,,RUS,RUS,78,222,2017,STL,4,20,113
783,Alexis Lafrenière,NYR,L,22,10/11/2001,St-Eustache,QC,CAN,CAN,73,195,2020,NYR,1,1,1
744,Aliaksei Protas,WSH,C,23,1/6/2001,VITEBSK,,BLR,BLR,78,225,2019,WSH,3,29,91
103,Anders Lee,NYI,L,33,7/3/1990,Edina,MN,USA,USA,75,235,2009,NYI,6,1,152
270,Andre Burakovsky,SEA,L,29,2/9/1995,Klagenfurt,,AUT,SWE,75,209,2013,WSH,1,23,23
233,Andreas Athanasiou,CHI,C,29,8/6/1994,London,ON,CAN,CAN,74,190,2012,DET,4,19,110
339,Andreas Englund,L.A,D,28,1/21/1996,Stockholm,,SWE,SWE,75,189,2014,OTT,2,10,40
906,Andrei Kuzmenko,"CGY, VAN",L,28,2/4/1996,YAKUTSK,,RUS,RUS,71,194,-,-,-,-,-
631,Andrei Svechnikov,CAR,R,24,3/26/2000,Barnual,,RUS,RUS,74,195,2018,CAR,1,2,2
17,Andrew Cogliano,COL,C,37,6/14/1987,Toronto,ON,CAN,CAN,70,179,2005,EDM,1,25,25
268,Andrew Copp,DET,C,29,7/8/1994,Ann Arbor,MI,USA,USA,73,199,2013,WPG,4,13,104
373,Andrew Mangiapane,CGY,L,28,4/4/1996,Toronto,ON,CAN,CAN,70,184,2015,CGY,6,15,166
480,Andrew Peeke,"BOS, CBJ",D,26,3/17/1998,Parkland,FL,USA,USA,75,210,2016,CBJ,2,4,34
451,Andrew Poturalski,SEA,C,30,1/14/1994,Williamsville,NY,USA,USA,70,183,-,-,-,-,-
674,Angus Crookshank,OTT,L,24,10/2/1999,North Vancouver,BC,CAN,CAN,70,181,2018,OTT,5,2,126
411,Anthony Beauvillier,"CHI, NSH, VAN",L,27,6/8/1997,Sorel-Tracy,QC,CAN,CAN,71,180,2015,NYI,1,28,28
427,Anthony Cirelli,T.B,C,26,7/15/1997,Etobicoke,ON,CAN,CAN,72,189,2015,T.B,3,11,72
263,Anthony Duclair,"S.J, T.B",L,28,8/26/1995,Pointe-Claire,QC,CAN,CAN,71,197,2013,NYR,3,19,80
302,Anthony Mantha,"VGK, WSH",R,29,9/16/1994,Longueuil,QC,CAN,CAN,77,234,2013,DET,1,20,20
385,Anthony Richard,BOS,C,27,12/20/1996,Trois-Rivieres,QC,CAN,CAN,71,183,2015,NSH,4,9,100
249,Anton Blidh,NYR,L,29,3/14/1995,Molnlycke,,SWE,SWE,73,197,2013,BOS,6,29,180
786,Anton Lundell,FLA,C,22,10/3/2001,Espoo,,FIN,FIN,73,185,2020,FLA,1,12,12
14,Anze Kopitar,L.A,C,36,8/24/1987,Jesenice,,SVN,SVN,75,225,2005,L.A,1,11,11
868,Arber Xhekaj,MTL,D,23,1/30/2001,Hamilton,ON,CAN,CAN,76,238,-,-,-,-,-
871,Arshdeep Bains,VAN,L,23,1/9/2001,Surrey,BC,CAN,CAN,72,184,-,-,-,-,-
819,Artem Zub,OTT,D,28,10/3/1995,Khabarovsk,,RUS,RUS,74,200,-,-,-,-,-
429,Artemi Panarin,NYR,L,32,10/30/1991,Korkino,,RUS,RUS,72,173,-,-,-,-,-
717,Arthur Kaliyev,L.A,R,22,6/26/2001,New York City,,USA,USA,74,210,2019,L.A,2,2,33
281,Artturi Lehkonen,COL,L,28,7/4/1995,Piikkio,,FIN,FIN,71,179,2013,MTL,2,25,55
426,Austin Czarnik,DET,C,31,12/12/1992,Detroit,MI,USA,USA,69,170,-,-,-,-,-
127,Austin Watson,T.B,L,32,1/13/1992,Ann Arbor,MI,USA,USA,76,204,2010,NSH,1,18,18
457,Auston Matthews,TOR,C,26,9/17/1997,San Ramon,CA,USA,USA,75,208,2016,TOR,1,1,1
511,Axel Jonsson-Fjallby,WPG,L,26,2/10/1998,Stockholm,,SWE,SWE,73,189,2016,WSH,5,26,147
189,Barclay Goodrow,NYR,C,31,2/26/1993,Toronto,ON,CAN,CAN,74,204,-,-,-,-,-
639,Barrett Hayton,ARI,C,24,6/9/2000,Peterborough,ON,CAN,CAN,73,207,2018,ARI,1,5,5
475,Beck Malenstyn,WSH,L,26,2/4/1998,Delta,BC,CAN,CAN,75,200,2016,WSH,5,24,145
101,Ben Chiarot,DET,D,33,5/9/1991,Hamilton,ON,CAN,CAN,75,232,2009,ATL,4,29,120
240,Ben Hutton,VGK,D,31,4/20/1993,Brockville,ON,CAN,CAN,75,201,2012,VAN,5,26,147
900,Ben Meyers,"ANA, COL",C,25,11/15/1998,DELANO,MN,USA,USA,71,194,-,-,-,-,-
160,Blake Coleman,CGY,C,32,11/28/1991,Plano,TX,USA,USA,71,199,2011,N.J,3,14,75
692,Blake Lizotte,L.A,C,26,12/13/1997,Lindstrom,MN,USA,USA,69,170,-,-,-,-,-
10,Blake Wheeler,NYR,R,37,8/31/1986,Plymouth,MN,USA,USA,77,220,2004,PHX,1,5,5
645,Bo Groulx,ANA,C,24,2/6/2000,Gatineau,QC,CAN,CAN,74,200,2018,ANA,2,23,54
294,Bo Horvat,NYI,C,29,4/5/1995,London,ON,CAN,CAN,72,215,2013,VAN,1,9,9
712,Bobby Brink,PHI,R,22,7/8/2001,Minnetonka,MN,USA,USA,68,166,2019,PHI,2,3,34
821,Bobby McMann,TOR,C,28,6/15/1996,"Wainwright, AB",AB,CAN,CAN,74,208,-,-,-,-,-
370,Bokondji Imama,OTT,L,27,8/3/1996,Montreal,QC,CAN,CAN,73,221,2015,T.B,6,29,180
164,Boone Jenner,CBJ,C,31,6/15/1993,Dorchester,ON,CAN,CAN,74,203,2011,CBJ,2,7,37
487,Boris Katchouk,"CHI, OTT",L,25,6/18/1998,Waterloo,ON,CAN,CAN,74,206,2016,T.B,2,14,44
698,Bowen Byram,"BUF, COL",D,23,6/13/2001,Cranbrook,BC,CAN,CAN,73,190,2019,COL,1,4,4
21,Brad Marchand,BOS,L,36,5/11/1988,Halifax,NS,CAN,CAN,69,176,2006,BOS,3,8,71
767,Braden Schneider,NYR,D,22,9/20/2001,Prince Albert,SK,CAN,CAN,75,208,2020,NYR,1,19,19
913,Bradly Nadeau,CAR,L,19,5/5/2005,,,CAN,,70,161,2023,CAR,1,30,30
198,Brady Skjei,CAR,D,30,3/26/1994,Lakeville,MN,USA,USA,75,210,2012,NYR,1,28,28
621,Brady Tkachuk,OTT,L,24,9/16/1999,Scottsdale,AZ,USA,USA,76,221,2018,OTT,1,4,4
763,Brandon Biro,BUF,L,26,3/11/1998,Sherwood Park,AB,CAN,CAN,71,170,-,-,-,-,-
399,Brandon Carlo,BOS,D,27,11/26/1996,Colorado Springs,CO,USA,USA,78,218,2015,BOS,2,7,37
507,Brandon Duhaime,"COL, MIN",R,27,5/22/1997,Coral Springs,FL,USA,USA,74,200,2016,MIN,4,15,106
464,Brandon Gignac,MTL,C,26,11/7/1997,Repentigny,QC,CAN,CAN,71,170,2016,N.J,3,19,80
512,Brandon Hagel,T.B,L,25,8/27/1998,Saskatoon,SK,CAN,CAN,74,179,2016,BUF,6,8,159
341,Brandon Montour,FLA,D,30,4/11/1994,Brantford,ON,CAN,CAN,72,194,2014,ANA,2,25,55
165,Brandon Saad,STL,L,31,10/27/1992,Pittsburgh,PA,USA,USA,73,215,2011,CHI,2,13,43
875,Brandon Scanlin,NYR,D,25,6/2/1999,Hamilton,ON,CAN,CAN,75,223,-,-,-,-,-
453,Brandon Tanev,SEA,L,32,12/31/1991,Toronto,ON,CAN,CAN,72,189,-,-,-,-,-
848,Brandt Clarke,L.A,D,21,2/9/2003,Nepean,ON,CAN,CAN,74,185,2021,L.A,1,8,8
88,Brayden McNabb,VGK,D,33,1/21/1991,Davidson,SK,CAN,CAN,76,215,2009,BUF,3,5,66
682,Brayden Pachal,"CGY, VGK",D,24,8/23/1999,Estevan,SK,CAN,CAN,74,203,-,-,-,-,-
346,Brayden Point,T.B,C,28,3/13/1996,Calgary,AB,CAN,CAN,71,180,2014,T.B,3,19,79
81,Brayden Schenn,STL,C,32,8/22/1991,Saskatoon,SK,CAN,CAN,73,199,2009,L.A,1,5,5
803,Brendan Brisson,VGK,C,22,10/22/2001,,,USA,,72,191,2020,VGK,1,29,29
143,Brendan Gallagher,MTL,R,32,5/6/1992,Edmonton,AB,CAN,CAN,69,186,2010,MTL,5,27,147
197,Brendan Gaunce,CBJ,C,30,3/25/1994,Sudbury,ON,CAN,CAN,75,219,2012,VAN,1,26,26
336,Brendan Lemieux,CAR,L,28,3/15/1996,Denver,CO,USA,USA,73,215,2014,BUF,2,1,31
42,Brendan Smith,N.J,D,35,2/8/1989,Mimico,ON,CAN,CAN,74,200,2007,DET,1,27,27
107,Brenden Dillon,WPG,D,33,11/13/1990,New Westminster,BC,CAN,CAN,76,224,-,-,-,-,-
854,Brennan Othmann,NYR,L,21,1/5/2003,Scarborough,ON,CAN,CAN,72,188,2021,NYR,1,16,16
4,Brent Burns,CAR,D,39,3/9/1985,Barrie,ON,CAN,CAN,77,230,2003,MIN,1,20,20
474,Brett Howden,VGK,C,26,3/29/1998,Calgary,AB,CAN,CAN,74,203,2016,T.B,1,27,27
234,Brett Kulak,EDM,D,30,1/6/1994,Edmonton,AB,CAN,CAN,73,197,2012,CGY,4,14,105
693,Brett Leason,ANA,R,25,4/30/1999,Calgary,AB,CAN,CAN,77,218,2019,WSH,2,25,56
498,Brett Murray,BUF,L,25,7/20/1998,Bolton,ON,CAN,CAN,77,228,2016,BUF,4,8,99
285,Brett Pesce,CAR,D,29,11/15/1994,Tarrytown,NY,USA,USA,75,206,2013,CAR,3,5,66
441,Brett Seney,CHI,L,28,2/28/1996,London,ON,CAN,CAN,69,156,2015,N.J,6,6,157
93,Brian Dumoulin,SEA,D,32,9/6/1991,Biddeford,ME,USA,USA,76,207,2009,CAR,2,21,51
895,Brian Halonen,N.J,L,25,1/11/1999,,,USA,,72,207,-,-,-,-,-
400,Brock Boeser,VAN,R,27,2/25/1997,Burnsville,MN,USA,USA,73,208,2015,VAN,1,23,23
790,Brock Faber,MIN,D,21,8/22/2002,Maple Grove,MN,USA,USA,73,200,2020,L.A,2,14,45
230,Brock McGinn,ANA,L,30,2/2/1994,Fergus,ON,CAN,CAN,72,187,2012,CAR,2,17,47
120,Brock Nelson,NYI,C,32,10/15/1991,Warroad,MN,USA,USA,76,210,2010,NYI,1,30,30
140,Bryan Rust,PIT,R,32,5/11/1992,Pontiac,MI,USA,USA,71,192,2010,PIT,3,20,80
100,Byron Froese,VGK,C,33,3/12/1991,Winkler,MB,CAN,CAN,73,202,2009,CHI,4,28,119
27,Cal Clutterbuck,NYI,R,36,11/18/1987,Welland,ON,CAN,CAN,72,212,2006,MIN,3,9,72
537,Cal Foote,N.J,D,25,12/13/1998,Denver,CO,USA,USA,77,224,2017,T.B,1,14,14
538,Cale Fleury,SEA,D,25,11/19/1998,Carlyle,SK,CAN,CAN,73,204,2017,MTL,3,25,87
573,Cale Makar,COL,D,25,10/30/1998,Calgary,AB,CAN,CAN,71,187,2017,COL,1,4,4
406,Caleb Jones,COL,D,27,6/6/1997,Arlington,TX,USA,USA,73,194,2015,EDM,4,26,117
652,Calen Addison,"MIN, S.J",D,24,4/11/2000,Brandon,MB,CAN,CAN,71,173,2018,PIT,2,22,53
820,Callahan Burke,CAR,C,27,3/19/1997,Boxborough,MA,USA,USA,70,183,-,-,-,-,-
111,Calle Jarnkrok,TOR,C,32,9/25/1991,Gävle,,SWE,SWE,72,192,2010,DET,2,21,51
583,Calle Rosen,STL,D,30,2/2/1994,Vaxjo,,SWE,SWE,73,188,-,-,-,-,-
84,Calvin de Haan,T.B,D,33,5/9/1991,Carp,ON,CAN,CAN,73,195,2009,NYI,1,12,12
69,Cam Atkinson,PHI,R,35,6/5/1989,Riverside,CT,USA,USA,68,176,2008,CBJ,6,6,157
125,Cam Fowler,ANA,D,32,12/5/1991,Windsor,ON,CAN,USA,74,215,2010,ANA,1,12,12
710,Cam York,PHI,D,23,1/5/2001,Anaheim,CA,USA,USA,71,175,2019,PHI,1,14,14
577,Cameron Crotty,ARI,D,25,5/5/1999,Ottawa,ON,CAN,CAN,75,188,2017,ARI,3,20,82
465,Carl Grundstrom,L.A,R,26,12/1/1997,Umea,,SWE,SWE,72,195,2016,TOR,2,27,57
603,Carson Meyer,CBJ,R,26,8/18/1997,Powell,OH,USA,USA,71,184,-,-,-,-,-
255,Carson Soucy,VAN,D,29,7/27/1994,Viking,AB,CAN,CAN,77,208,2013,MIN,5,16,137
264,Carter Verhaeghe,FLA,C,28,8/14/1995,Toronto,ON,CAN,CAN,74,180,2013,TOR,3,21,82
97,Casey Cizikas,NYI,C,33,2/27/1991,Toronto,ON,CAN,CAN,71,190,2009,NYI,4,1,92
546,Casey Mittelstadt,"BUF, COL",C,25,11/22/1998,Edina,MN,USA,USA,73,195,2017,BUF,1,8,8
248,Chad Ruhwedel,"NYR, PIT",D,34,5/7/1990,San Diego,CA,USA,USA,71,191,-,-,-,-,-
217,Chandler Stephenson,VGK,C,30,4/22/1994,Saskatoon,SK,CAN,CAN,72,209,2012,WSH,3,16,77
116,Charlie Coyle,BOS,C,32,3/2/1992,E. Weymouth,MA,USA,USA,75,223,2010,S.J,1,28,28
462,Charlie McAvoy,BOS,D,26,12/21/1997,Long Beach,NY,USA,USA,73,209,2016,BOS,1,14,14
87,Chris Kreider,NYR,L,33,4/30/1991,Boxford,MA,USA,USA,75,230,2009,NYR,1,19,19
109,Chris Tanev,"CGY, DAL",D,34,12/20/1989,Toronto,ON,CAN,CAN,74,193,-,-,-,-,-
224,Chris Tierney,N.J,C,29,7/1/1994,Keswick,ON,CAN,CAN,73,191,2012,S.J,2,25,55
129,Chris Wagner,COL,R,33,5/27/1991,Walpole,MA,USA,USA,72,192,2010,ANA,5,2,122
343,Christian Dvorak,MTL,C,28,2/2/1996,Palos,IL,USA,USA,73,193,2014,ARI,2,28,58
394,Christian Fischer,DET,R,27,4/15/1997,Chicago,IL,USA,USA,74,212,2015,ARI,2,2,32
29,Claude Giroux,OTT,R,36,1/12/1988,Hearst,ON,CAN,CAN,71,190,2006,PHI,1,22,22
468,Clayton Keller,ARI,R,25,7/29/1998,Chesterfield,MO,USA,USA,70,178,2016,ARI,1,7,7
205,Cody Ceci,EDM,D,30,12/21/1993,Ottawa,ON,CAN,CAN,74,210,2012,OTT,1,15,15
544,Cody Glass,NSH,C,25,4/1/1999,Winnipeg,MB,CAN,CAN,75,206,2017,VGK,1,6,6
706,Cole Caufield,MTL,R,23,1/2/2001,Mosinee,WI,USA,USA,67,174,2019,MTL,1,15,15
598,Cole Guttman,CHI,C,25,4/6/1999,Northridge,CA,USA,USA,69,167,2017,T.B,6,25,180
670,Cole Koepke,T.B,L,26,5/17/1998,Two Harbors,MN,USA,USA,73,196,2018,T.B,6,28,183
918,Cole McWard,VAN,D,23,6/9/2001,Fenton,MO,USA,USA,73,192,-,-,-,-,-
802,Cole Perfetti,WPG,C,22,1/1/2002,Whitby,ON,CAN,CAN,71,184,2020,WPG,1,10,10
743,Cole Schwindt,CGY,R,23,4/25/2001,Kitchener,ON,CAN,CAN,74,182,2019,FLA,3,19,81
844,Cole Sillinger,CBJ,C,21,5/16/2003,Columbus,OH,USA,USA,73,201,2021,CBJ,1,12,12
764,Cole Smith,NSH,L,28,10/28/1995,Brainerd,MN,USA,USA,75,195,-,-,-,-,-
148,Colin Blackwell,CHI,C,31,3/28/1993,Lawrence,MA,USA,USA,69,190,2011,S.J,7,13,193
187,Colin Miller,"N.J, WPG",D,31,10/29/1992,Sault Ste. Marie,ON,CAN,CAN,73,200,2012,L.A,5,30,151
379,Colin White,"MTL, PIT",C,27,1/30/1997,Boston,MA,USA,USA,73,194,2015,OTT,1,21,21
924,Collin Graf,S.J,R,21,9/21/2002,,,USA,,73,194,-,-,-,-,-
214,Colton Parayko,STL,D,31,5/12/1993,St. Albert,AB,CAN,CAN,78,228,2012,STL,3,25,86
227,Colton Sissons,NSH,C,30,11/5/1993,North Vancouver,BC,CAN,CAN,73,200,2012,NSH,2,20,50
908,Connor Bedard,CHI,C,18,7/17/2005,,,CAN,,70,185,2023,CHI,1,1,1
239,Connor Brown,EDM,R,30,1/14/1994,Toronto,ON,CAN,CAN,72,181,2012,TOR,6,5,156
254,Connor Clifton,BUF,D,29,4/28/1995,Long Branch,NJ,USA,USA,71,190,2013,PHX,5,12,133
658,Connor Dewar,"MIN, TOR",C,24,6/26/1999,Gilbert Plains,MB,CAN,CAN,70,183,2018,MIN,3,30,92
765,Connor Mackey,NYR,D,27,9/12/1996,Tower Lakes,IL,USA,USA,74,197,-,-,-,-,-
381,Connor McDavid,EDM,C,27,1/13/1997,Richmond Hill,ON,CAN,CAN,73,193,2015,EDM,1,1,1
723,Connor McMichael,WSH,C,23,1/15/2001,Ajax,ON,CAN,CAN,72,180,2019,WSH,1,25,25
182,Connor Murphy,CHI,D,31,3/26/1993,Dublin,OH,USA,USA,76,212,2011,PHX,1,20,20
768,Connor Zary,CGY,C,22,9/25/2001,Saskatoon,SK,CAN,CAN,72,178,2020,CGY,1,24,24
436,Conor Garland,VAN,R,28,3/11/1996,Scituate,MA,USA,USA,70,165,2015,ARI,5,2,123
307,Conor Sheary,T.B,L,32,6/8/1992,Winchester,MA,USA,USA,69,179,-,-,-,-,-
535,Conor Timmins,TOR,D,25,9/18/1998,St. Catharines,ON,CAN,CAN,74,202,2017,COL,2,1,32
5,Corey Perry,"CHI, EDM",R,39,5/16/1985,Peterborough,ON,CAN,CAN,75,208,2003,ANA,1,28,28
96,Craig Smith,DAL,C,34,9/5/1989,Madison,WI,USA,USA,72,204,2009,NSH,4,7,98
301,Curtis Lazar,N.J,C,29,2/2/1995,Salmon Arm,BC,CAN,CAN,72,203,2013,OTT,1,17,17
878,Cutter Gauthier,ANA,L,20,1/19/2004,,,SWE,,74,189,2022,PHI,1,5,5
777,Daemon Hunt,MIN,D,22,5/15/2002,,,CAN,,73,201,2020,MIN,3,3,65
360,Dakota Joshua,VAN,C,28,5/15/1996,Dearborn,MI,USA,USA,75,206,2014,TOR,5,8,128
304,Dakota Mermis,MIN,D,30,1/5/1994,Alton,IL,USA,USA,72,195,-,-,-,-,-
226,Damon Severson,CBJ,D,29,8/7/1994,Melville,SK,CAN,CAN,74,205,2012,N.J,2,30,60
412,Daniel Sprong,DET,R,27,3/17/1997,Amsterdam,,NLD,NLD,72,202,2015,PIT,2,16,46
830,Daniil Miromanov,"CGY, VGK",D,26,7/11/1997,Moscow,,RUS,RUS,76,200,-,-,-,-,-
780,Danil Gushchin,S.J,L,22,2/6/2002,Yekaterinburg,,RUS,RUS,68,165,2020,S.J,3,14,76
482,Dante Fabbro,NSH,D,25,6/20/1998,Coquitlam,BC,CAN,CAN,72,189,2016,NSH,1,17,17
356,Danton Heinen,BOS,L,28,7/5/1995,Langley,BC,CAN,CAN,73,188,2014,BOS,4,26,116
292,Darnell Nurse,EDM,D,29,2/4/1995,Hamilton,ON,CAN,CAN,76,221,2013,EDM,1,7,7
371,Darren Raddysh,T.B,D,28,2/28/1996,Toronto,ON,CAN,CAN,73,200,-,-,-,-,-
665,David Gustafsson,WPG,C,24,4/11/2000,Tingsryd,,SWE,SWE,74,212,2018,WPG,2,29,60
880,David Jiricek,CBJ,D,20,11/28/2003,Klatovy,,CZE,CZE,76,199,2022,CBJ,1,6,6
581,David Kampf,TOR,C,29,1/12/1995,Chomutov,,CZE,CZE,74,197,-,-,-,-,-
334,David Pastrnak,BOS,R,28,5/25/1996,Havirov,,CZE,CZE,73,195,2014,BOS,1,25,25
43,David Perron,DET,L,36,5/28/1988,Sherbrooke,QC,CAN,CAN,73,196,2007,STL,1,26,26
98,David Savard,MTL,D,33,10/22/1990,St. Hyacinthe,QC,CAN,CAN,73,235,2009,CBJ,4,3,94
784,Dawson Mercer,N.J,C,22,10/27/2001,Carbonear,NL,CAN,CAN,72,180,2020,N.J,1,18,18
659,Declan Chisholm,"MIN, WPG",D,24,1/12/2000,Bowmanville,ON,CAN,CAN,73,185,2018,WPG,5,26,150
420,Denis Gurianov,"NSH, PHI",R,27,6/7/1997,Togliatti,,RUS,RUS,75,205,2015,DAL,1,12,12
423,Dennis Gilbert,CGY,D,27,10/30/1996,Buffalo,NY,USA,USA,74,216,2015,CHI,3,30,91
123,Derek Forbort,BOS,D,32,3/4/1992,Duluth,MN,USA,USA,76,208,2010,L.A,1,15,15
431,Derek Ryan,EDM,C,37,12/29/1986,Spokane,WA,USA,USA,70,185,-,-,-,-,-
209,Derrick Pouliot,DAL,D,30,1/16/1994,Estevan,SK,CAN,CAN,72,196,2012,PIT,1,8,8
220,Devin Shore,SEA,C,29,7/19/1994,Ajax,ON,CAN,CAN,73,206,2012,DAL,2,31,61
353,Devon Toews,COL,D,30,2/21/1994,Abbotsford,BC,CAN,CAN,73,191,2014,NYI,4,18,108
471,Dillon Dube,CGY,C,25,7/20/1998,Golden,AB,CAN,CAN,71,185,2016,CGY,2,26,56
753,Dmitri Voronkov,CBJ,L,23,9/10/2000,,,RUS,,77,240,2019,CBJ,4,21,114
85,Dmitry Kulikov,FLA,D,33,10/29/1990,Lipetsk,,RUS,RUS,73,201,2009,FLA,1,14,14
92,Dmitry Orlov,CAR,D,32,7/23/1991,Novokuznetsk,,RUS,RUS,71,214,2009,WSH,2,25,55
231,Dominic Toninato,WPG,C,30,3/9/1994,Duluth,MN,USA,USA,74,191,2012,TOR,5,5,126
250,Dominik Kubalik,OTT,L,28,8/21/1995,Plzen,,CZE,CZE,74,190,2013,L.A,7,10,191
177,Dougie Hamilton,N.J,D,30,6/17/1993,Toronto,ON,CAN,CAN,78,230,2011,BOS,1,9,9
591,Drake Batherson,OTT,R,26,4/27/1998,Fort Wayne,IN,USA,USA,75,200,2017,OTT,4,28,121
52,Drew Doughty,L.A,D,34,12/8/1989,London,ON,CAN,CAN,73,210,2008,L.A,1,2,2
762,Drew O'Connor,PIT,L,26,6/9/1998,Chatham,NJ,USA,USA,75,200,-,-,-,-,-
372,Dryden Hunt,CGY,L,28,11/24/1995,Cranbrook,BC,CAN,CAN,72,193,-,-,-,-,-
521,Dylan Coghlan,CAR,D,26,2/19/1998,Duncan,BC,CAN,CAN,74,208,-,-,-,-,-
700,Dylan Cozens,BUF,C,23,2/9/2001,Whitehorse,YT,CAN,CAN,75,195,2019,BUF,1,7,7
153,Dylan DeMelo,WPG,D,31,5/1/1993,London,ON,CAN,CAN,72,195,2011,S.J,6,28,179
842,Dylan Guenther,ARI,R,21,4/10/2003,Edmonton,AB,CAN,CAN,74,175,2021,ARI,1,9,9
769,Dylan Holloway,EDM,L,22,9/23/2001,Calgary,AB,CAN,CAN,73,203,2020,EDM,1,14,14
325,Dylan Larkin,DET,C,27,7/30/1996,Waterford,MI,USA,USA,73,198,2014,DET,1,15,15
136,Dylan McIlrath,WSH,D,32,4/20/1992,Winnipeg,MB,CAN,CAN,77,232,2010,NYR,1,10,10
569,Dylan Samberg,WPG,D,25,1/24/1999,Saginaw,MN,USA,USA,76,219,2017,WPG,2,12,43
398,Dylan Strome,WSH,C,27,3/7/1997,Mississauga,ON,CAN,CAN,75,200,2015,ARI,1,3,3
552,Eeli Tolvanen,SEA,R,25,4/22/1999,Vihti,,FIN,FIN,70,191,2017,NSH,1,30,30
586,Eetu Luostarinen,FLA,C,25,9/2/1998,Siilinjarvi,,FIN,FIN,75,190,2017,CAR,2,11,42
726,Egor Afanasyev,NSH,L,23,1/23/2001,Tver,,RUS,RUS,76,211,2019,NSH,2,14,45
683,Egor Zamula,PHI,D,24,3/30/2000,Chelyabinsk,,RUS,RUS,75,177,-,-,-,-,-
290,Elias Lindholm,"CGY, VAN",C,29,12/2/1994,Boden,,SWE,SWE,73,202,2013,CAR,1,5,5
554,Elias Pettersson,VAN,C,25,11/12/1998,Sundsvall,,SWE,SWE,74,176,2017,VAN,1,5,5
590,Emil Bemstrom,"CBJ, PIT","C, R",25,6/1/1999,Nykoping,,SWE,SWE,72,195,2017,CBJ,4,24,117
826,Emil Heineman,MTL,L,22,11/16/2001,Leksand,,SWE,SWE,72,194,2020,FLA,2,12,43
867,Emil Lilleberg,T.B,D,23,2/2/2001,,,NOR,,74,192,2021,ARI,4,11,107
614,Eric Robinson,"BUF, CBJ",L,29,6/14/1995,BELLMAWR,NJ,USA,USA,74,205,-,-,-,-,-
575,Erik Brannstrom,OTT,D,24,9/2/1999,Eksjo,,SWE,SWE,70,185,2017,VGK,1,15,15
388,Erik Cernak,T.B,D,27,5/28/1997,Kosice,,SVK,SVK,76,224,2015,L.A,2,13,43
132,Erik Gudbranson,CBJ,D,32,1/7/1992,Ottawa,ON,CAN,CAN,77,222,2010,FLA,1,3,3
235,Erik Gustafsson,NYR,D,32,3/14/1992,Nynashamn,,SWE,SWE,72,197,2012,EDM,4,2,93
102,Erik Haula,N.J,L,33,3/23/1991,Pori,,FIN,FIN,71,191,2009,MIN,7,1,182
23,Erik Johnson,"BUF, PHI",D,36,3/21/1988,Bloomington,MN,USA,USA,76,225,2006,STL,1,1,1
58,Erik Karlsson,PIT,D,34,5/31/1990,Landsbro,,SWE,SWE,72,190,2008,OTT,1,15,15
216,Esa Lindell,DAL,D,30,5/23/1994,Vantaa,,FIN,FIN,75,220,2012,DAL,3,13,74
405,Ethan Bear,WSH,D,26,6/26/1997,Regina,SK,CAN,CAN,71,197,2015,EDM,5,3,124
862,Ethan Del Mastro,CHI,D,21,1/15/2003,Burlington,ON,CAN,CAN,76,210,2021,CHI,4,9,105
623,Evan Bouchard,EDM,D,24,10/20/1999,Oakville,ON,CAN,CAN,75,194,2018,EDM,1,10,10
428,Evan Rodrigues,FLA,C,30,7/28/1993,Toronto,ON,CAN,CAN,71,184,-,-,-,-,-
80,Evander Kane,EDM,L,32,8/2/1991,Vancouver,BC,CAN,CAN,74,210,2009,ATL,1,4,4
9,Evgeni Malkin,PIT,C,37,7/31/1986,Magnitogorsk,,RUS,RUS,75,195,2004,PIT,1,2,2
46,Evgenii Dadonov,DAL,R,35,3/12/1989,Chelyabinsk,,RUS,RUS,71,189,2007,FLA,3,10,71
115,Evgeny Kuznetsov,"CAR, WSH",C,32,5/19/1992,Chelyabinsk,,RUS,RUS,74,207,2010,WSH,1,26,26
587,Fabian Zetterlund,S.J,L,24,8/25/1999,Karlstad,,SWE,SWE,71,220,2017,N.J,3,1,63
578,Filip Chytil,NYR,C,24,9/5/1999,Kromeriz,,CZE,CZE,74,204,2017,NYR,1,21,21
211,Filip Forsberg,NSH,L,29,8/13/1994,Ostervala,,SWE,SWE,73,205,2012,WSH,1,11,11
502,Filip Hronek,VAN,D,26,11/2/1997,Hradec Králové,,CZE,CZE,72,190,2016,DET,2,23,53
903,Filip Roos,CHI,D,25,1/5/1999,Gothenburg,,SWE,SWE,76,190,-,-,-,-,-
628,Filip Zadina,S.J,R,24,11/27/1999,Pardubice,,CZE,CZE,72,190,2018,DET,1,6,6
888,Frank Nazar,CHI,C,20,1/14/2004,,,USA,,69,175,2022,CHI,1,13,13
374,Frank Vatrano,ANA,R,30,3/14/1994,East Longmeadow,MA,USA,USA,71,197,-,-,-,-,-
313,Frederick Gaudreau,MIN,C,31,5/1/1993,Bromont,QC,CAN,CAN,72,184,-,-,-,-,-
352,Fredrik Olofsson,COL,L,28,5/27/1996,Helsingborg,,SWE,SWE,74,190,2014,CHI,4,8,98
555,Gabriel Vilardi,WPG,C,24,8/16/1999,Kingston,ON,CAN,CAN,75,215,2017,L.A,1,11,11
816,Gage Goncalves,T.B,C,23,1/16/2001,,,CAN,,72,181,2020,T.B,2,31,62
312,Garnet Hathaway,PHI,R,32,11/23/1991,Kennebunkport,ME,USA,USA,75,208,-,-,-,-,-
910,Gavin Brindley,CBJ,C,19,10/5/2004,,,USA,,69,175,2023,CBJ,2,2,34
899,Georgii Merkulov,BOS,C,23,10/10/2000,Ryazan,,RUS,RUS,71,179,-,-,-,-,-
486,Givani Smith,S.J,R,26,2/28/1998,Thornhill,ON,CAN,CAN,74,214,2016,DET,2,16,46
402,Glenn Gawdin,ANA,C,27,3/25/1997,Richmond,BC,CAN,CAN,73,191,2015,STL,4,25,116
722,Graeme Clarke,N.J,R,23,4/24/2001,Waconia,MN,USA,USA,72,175,2019,N.J,3,18,80
604,Grant Hutton,NYI,D,28,7/25/1995,Carmel,IN,USA,USA,76,214,-,-,-,-,-
636,Grigori Denisenko,VGK,L,23,6/24/2000,Novosibirsk,,RUS,RUS,71,186,2018,FLA,1,15,15
359,Gustav Forsling,FLA,D,28,6/12/1996,Linkoping,,SWE,SWE,72,186,2014,VAN,5,6,126
585,Gustav Lindstrom,"ANA, MTL",D,25,10/20/1998,Ostervala,,SWE,SWE,74,186,2017,DET,2,7,38
67,Gustav Nyquist,NSH,C,34,9/1/1989,Halmstad,,SWE,SWE,71,180,2008,DET,4,30,121
279,Gustav Olofsson,SEA,D,29,12/1/1994,Boras,,SWE,SWE,74,199,2013,MIN,2,16,46
194,Hampus Lindholm,BOS,D,30,1/20/1994,Helsingborg,,SWE,SWE,76,215,2012,ANA,1,6,6
508,Hardy Haman Aktell,WSH,D,25,7/4/1998,Kage,,Swe,,75,198,2016,NSH,4,17,108
320,Haydn Fleury,T.B,D,27,7/8/1996,Carlyle,SK,CAN,CAN,76,208,2014,CAR,1,7,7
801,Hendrix Lapierre,WSH,C,22,2/9/2002,Gatineau,QC,CAN,CAN,72,180,2020,WSH,1,22,22
565,Henri Jokiharju,BUF,D,24,6/17/1999,Oulu,,FIN,FIN,72,200,2017,CHI,1,29,29
719,Henry Thrun,S.J,D,23,3/12/2001,Southborough,MA,USA,USA,74,190,2019,ANA,4,8,101
258,Hudson Fasching,NYI,R,28,7/28/1995,Milwaukee,WI,USA,USA,75,204,2013,L.A,4,27,118
676,Hugh McGing,STL,L,25,7/11/1998,Chicago,IL,USA,USA,68,176,2018,STL,5,14,138
35,Ian Cole,VAN,D,35,2/21/1989,Ann Arbor,MI,USA,USA,73,225,2007,STL,1,18,18
574,Ian Mitchell,BOS,D,25,1/18/1999,St. Albert,AB,CAN,CAN,71,193,2017,CHI,2,26,57
657,Ilya Lyubushkin,"ANA, TOR",D,30,4/6/1994,Moscow,,RUS,RUS,74,200,-,-,-,-,-
741,Ilya Mikheyev,VAN,R,29,10/10/1994,Omsk,,RUS,RUS,74,192,-,-,-,-,-
824,Ilya Solovyov,CGY,D,23,7/20/2000,Mogilev,,BLR,BLR,75,208,2020,CGY,7,19,205
814,Isaak Phillips,CHI,D,22,9/28/2001,Barrie,ON,CAN,CAN,75,205,2020,CHI,5,17,141
624,Isac Lundestrom,ANA,C,24,11/6/1999,Gallivare,,SWE,SWE,72,193,2018,ANA,1,23,23
858,Isak Rosen,BUF,R,21,3/15/2003,Solna,,SWE,SWE,71,156,2021,BUF,1,14,14
337,Ivan Barbashev,VGK,C,28,12/14/1995,Moscow,,RUS,RUS,73,195,2014,STL,2,3,33
887,Ivan Miroshnichenko,WSH,L,20,2/4/2004,,,RUS,,73,185,2022,WSH,1,20,20
422,Ivan Provorov,CBJ,D,27,1/13/1997,Yaroslavl,,RUS,RUS,73,201,2015,PHI,1,7,7
833,J.J. Moser,ARI,D,24,6/6/2000,Biel,,CHE,CHE,73,173,2021,ARI,2,28,60
276,J.T. Compher,DET,L,29,4/8/1995,Northbrook,IL,USA,USA,72,190,2013,BUF,2,5,35
180,J.T. Miller,VAN,C,31,3/14/1993,East Palestine,OH,USA,USA,73,218,2011,NYR,1,15,15
232,Jaccob Slavin,CAR,D,30,5/1/1994,Denver,CO,USA,USA,75,207,2012,CAR,4,29,120
633,Jack Drury,CAR,C,24,2/3/2000,New York,NY,USA,USA,71,174,2018,CAR,2,11,42
382,Jack Eichel,VGK,C,27,10/28/1996,North Chelmsford,MA,USA,USA,74,207,2015,BUF,1,2,2
716,Jack Hughes,N.J,C,23,5/14/2001,Orlando,FL,USA,USA,71,175,2019,N.J,1,1,1
13,Jack Johnson,COL,D,37,1/13/1987,Indianapolis,IN,USA,USA,73,227,2005,CAR,1,3,3
642,Jack McBain,ARI,C,24,1/6/2000,Toronto,ON,CAN,CAN,75,201,2018,MIN,3,1,63
779,Jack Quinn,BUF,R,22,9/19/2001,Ottawa,ON,CAN,CAN,73,185,2020,BUF,1,8,8
408,Jack Roslovic,"CBJ, NYR",C,27,1/29/1997,Columbus,OH,USA,USA,73,200,2015,WPG,1,25,25
668,Jack St. Ivany,PIT,D,24,7/22/1999,Manhattan Beach,CA,USA,USA,75,198,2018,PHI,4,19,112
558,Jack Studnicka,"S.J, VAN",C,25,2/18/1999,Windsor,ON,CAN,CAN,73,187,2017,BOS,2,22,53
797,Jack Thompson,"S.J, T.B",D,22,3/19/2002,,,CAN,,73,178,2020,T.B,3,31,93
863,Jackson Blake,CAR,R,20,8/3/2003,,,USA,,70,152,2021,CAR,4,13,109
736,Jackson LaCombe,ANA,D,23,1/9/2001,Eden Prairie,MN,USA,USA,73,171,2019,ANA,2,8,39
650,Jacob Bernard-Docker,OTT,D,23,6/30/2000,Canmore,AB,CAN,CAN,72,190,2018,OTT,1,26,26
589,Jacob Bryson,BUF,D,26,11/18/1997,London,ON,CAN,CAN,69,176,2017,BUF,4,6,99
688,Jacob Lucchini,MIN,C,29,5/9/1995,Trail,BC,CAN,CAN,72,180,-,-,-,-,-
503,Jacob MacDonald,S.J,D,31,2/26/1993,Portland,OR,USA,,72,204,-,-,-,-,-
500,Jacob Moverare,L.A,D,25,8/31/1998,Ostersund,,SWE,SWE,75,210,2016,L.A,4,21,112
592,Jacob Peterson,S.J,C,24,7/19/1999,Lidkoping,,SWE,SWE,73,180,2017,DAL,5,8,132
210,Jacob Trouba,NYR,D,30,2/26/1994,Rochester,MI,USA,USA,75,203,2012,WPG,1,9,9
128,Jaden Schwartz,SEA,C,31,6/25/1992,Wilcox,SK,CAN,CAN,70,185,2010,STL,1,14,14
493,Jake Bean,CBJ,D,26,6/9/1998,Calgary,AB,CAN,CAN,73,196,2016,CAR,1,13,13
681,Jake Christiansen,CBJ,D,24,9/12/1999,West Vancouver,BC,CAN,CAN,72,193,-,-,-,-,-
421,Jake DeBrusk,BOS,L,27,10/17/1996,Edmonton,AB,CAN,CAN,72,197,2015,BOS,1,14,14
367,Jake Evans,MTL,C,28,6/2/1996,Toronto,ON,CAN,CAN,72,186,2014,MTL,7,27,207
261,Jake Guentzel,"CAR, PIT","C, L",29,10/6/1994,Omaha,NE,USA,USA,71,180,2013,PIT,3,16,77
541,Jake Leschyshyn,NYR,C,25,3/10/1999,Raleigh,NC,USA,USA,71,195,2017,VGK,2,31,62
229,Jake McCabe,TOR,D,30,10/12/1993,Eau Claire,WI,USA,USA,73,204,2012,BUF,2,14,44
368,Jake Middleton,MIN,D,28,1/2/1996,Wainwright,AB,CAN,CAN,75,219,2014,L.A,7,30,210
774,Jake Neighbours,STL,L,22,3/29/2002,Calgary,AB,CAN,CAN,72,201,2020,STL,1,26,26
782,Jake Sanderson,OTT,D,21,7/8/2002,Whitefish,MT,USA,USA,75,195,2020,OTT,1,5,5
348,Jake Walman,DET,D,28,2/20/1996,Toronto,ON,CAN,CAN,74,215,2014,STL,3,22,82
470,Jakob Chychrun,OTT,D,26,3/31/1998,Boca Raton,FL,USA,USA,74,220,2016,ARI,1,16,16
728,Jakob Pelletier,CGY,L,23,3/7/2001,Québec,QC,CAN,CAN,69,170,2019,CGY,1,26,26
76,Jakob Silfverberg,ANA,R,33,10/13/1990,Gävle,,SWE,SWE,73,207,2009,OTT,2,9,39
651,Jakub Lauko,BOS,C,24,3/28/2000,Prague,,CZE,CZE,72,196,2018,BOS,3,15,77
324,Jakub Vrana,STL,L,28,2/28/1996,Prague,,CZE,CZE,72,190,2014,WSH,1,13,13
447,Jalen Chatfield,CAR,D,28,5/15/1996,Ypsilanti,MI,USA,USA,73,188,-,-,-,-,-
611,James Hamblin,EDM,L,25,4/27/1999,Edmonton,AB,CAN,CAN,69,176,-,-,-,-,-
852,James Malatesta,CBJ,L,21,5/31/2003,Montréal,QC,CAN,CAN,69,185,2021,CBJ,5,5,133
38,James van Riemsdyk,BOS,L,35,5/4/1989,Middletown,NJ,USA,USA,75,208,2007,PHI,1,2,2
33,Jamie Benn,DAL,L,34,7/18/1989,Victoria,BC,CAN,CAN,74,205,2007,DAL,5,8,129
796,Jamie Drysdale,"ANA, PHI",D,22,4/8/2002,Toronto,ON,CAN,CAN,71,183,2020,ANA,1,6,6
179,Jamie Oleksiak,SEA,D,31,12/21/1992,Toronto,ON,CAN,CAN,79,257,2011,DAL,1,14,14
654,Jan Jenik,ARI,R,23,9/15/2000,Nymburk,,CZE,CZE,73,185,2018,ARI,3,3,65
584,Jan Rutta,S.J,D,33,7/29/1990,Písek,,CZE,CZE,75,204,-,-,-,-,-
141,Jani Hakanpää,DAL,D,32,3/31/1992,Kirkkonummi,,FIN,FIN,78,225,2010,STL,4,14,104
391,Jansen Harkins,PIT,C,27,5/23/1997,Cleveland,OH,USA,USA,73,182,2015,WPG,2,17,47
333,Jared McCann,SEA,L,28,5/31/1996,Stratford,ON,CAN,CAN,73,191,2014,VAN,1,24,24
70,Jared Spurgeon,MIN,D,34,11/29/1989,Edmonton,AB,CAN,CAN,69,166,2008,NYI,6,5,156
543,Jaret Anderson-Dolan,"L.A, NSH",C,24,9/12/1999,Calgary,AB,CAN,CAN,71,200,2017,L.A,2,10,41
137,Jarred Tinordi,CHI,D,32,2/20/1992,Burnsville,MN,USA,USA,78,229,2010,MTL,1,22,22
273,Jason Dickinson,CHI,C,28,7/4/1995,Georgetown,ON,CAN,CAN,74,200,2013,DAL,1,29,29
915,Jason Polin,COL,R,24,6/17/1999,,,USA,,72,198,-,-,-,-,-
561,Jason Robertson,DAL,L,24,7/22/1999,Arcadia,CA,USA,USA,75,200,2017,DAL,2,8,39
113,Jason Zucker,"ARI, NSH",L,32,1/16/1992,Newport Beach,CA,USA,USA,71,192,2010,MIN,2,29,59
242,Jaycob Megna,CHI,D,31,12/10/1992,Plantation,FL,USA,USA,78,220,2012,ANA,7,29,210
729,Jayden Struble,MTL,D,22,9/8/2001,,,USA,,72,202,2019,MTL,2,15,46
245,Jayson Megna,BOS,C,34,2/1/1990,Fort Lauderdale,FL,USA,USA,73,195,-,-,-,-,-
161,Jean-Gabriel Pageau,NYI,C,31,11/11/1992,Ottawa,ON,CAN,CAN,71,185,2011,OTT,4,5,96
800,Jean-Luc Foudy,COL,C,22,5/13/2002,Scarborough,ON,CAN,CAN,71,177,2020,COL,3,13,75
2,Jeff Carter,PIT,C,39,1/1/1985,London,ON,CAN,CAN,75,219,2003,PHI,1,11,11
28,Jeff Petry,DET,D,36,12/9/1987,Ann Arbor,MI,USA,USA,75,209,2006,EDM,2,15,45
130,Jeff Skinner,BUF,L,32,5/16/1992,Toronto,ON,CAN,CAN,71,197,2010,CAR,1,7,7
413,Jeremy Lauzon,NSH,D,27,4/28/1997,Val D'or,QC,CAN,CAN,73,204,2015,BOS,2,22,52
549,Jesper Boqvist,BOS,C,25,10/30/1998,Falun,,SWE,SWE,72,180,2017,N.J,2,5,36
494,Jesper Bratt,N.J,L,25,7/30/1998,Stockholm,,SWE,SWE,70,175,2016,N.J,6,11,162
144,Jesper Fast,CAR,R,32,12/2/1991,Nassjo,,SWE,SWE,73,191,2010,NYR,6,7,157
630,Jesperi Kotkaniemi,CAR,C,23,7/6/2000,Pori,,FIN,FIN,74,201,2018,MTL,1,3,3
469,Jesse Puljujarvi,PIT,R,26,5/7/1998,Alvkarleby,,SWE,FIN,76,201,2016,EDM,1,4,4
672,Jesse Ylönen,MTL,R,24,10/3/1999,Scottsdale,AZ,USA,USA,73,188,2018,MTL,2,4,35
223,Jimmy Vesey,NYR,L,31,5/26/1993,Boston,MA,USA,USA,75,202,2012,NSH,3,5,66
882,Jiri Kulich,BUF,C,20,4/14/2004,Kadan,,CZE,CZE,71,172,2022,BUF,1,28,28
920,Jiri Smejkal,OTT,L,27,11/5/1996,,,CZE,,76,209,-,-,-,-,-
811,JJ Peterka,BUF,R,22,1/14/2002,Munich,,DEU,DEU,72,189,2020,BUF,2,3,34
6,Joe Pavelski,DAL,C,39,7/11/1984,Plover,WI,USA,USA,71,200,2003,S.J,7,8,205
689,Joe Snively,WSH,C,28,1/1/1996,Herndon,VA,USA,USA,69,176,-,-,-,-,-
626,Joe Veleno,DET,C,24,1/13/2000,Montreal,QC,CAN,CAN,73,203,2018,DET,1,30,30
181,Joel Armia,MTL,R,31,5/31/1993,Pori,,FIN,FIN,75,216,2011,BUF,1,16,16
166,Joel Edmundson,"TOR, WSH",D,30,6/28/1993,Brandon,MB,CAN,CAN,77,221,2011,STL,2,16,46
419,Joel Eriksson Ek,MIN,C,27,1/29/1997,Karlstad,,SWE,SWE,75,207,2015,MIN,1,20,20
618,Joel Farabee,PHI,L,24,2/25/2000,Syracuse,NY,USA,USA,72,183,2018,PHI,1,14,14
306,Joel Hanley,"CGY, DAL",D,33,6/8/1991,Keswick,ON,CAN,CAN,71,190,-,-,-,-,-
742,Joel Kiviranta,COL,L,28,3/23/1996,Vantaa,,FIN,FIN,71,185,-,-,-,-,-
455,Joey Anderson,CHI,R,25,6/19/1998,Roseville,MN,USA,USA,72,207,2016,N.J,3,12,73
714,John Beecher,BOS,C,23,4/5/2001,Elmira,NY,USA,USA,75,215,2019,BOS,1,30,30
60,John Carlson,WSH,D,34,1/10/1990,Natick,MA,USA,USA,75,215,2008,WSH,1,27,27
259,John Hayden,SEA,C,29,2/14/1995,Chicago,IL,USA,USA,75,223,2013,CHI,3,13,74
145,John Klingberg,TOR,D,31,8/14/1992,Gothenburg,,SWE,SWE,75,190,2010,DAL,5,11,131
677,John Leonard,ARI,L,25,8/7/1998,Westwood,NJ,USA,USA,71,196,2018,S.J,6,27,182
685,John Ludvig,PIT,D,23,8/2/2000,Liberec,,CZE,CZE,73,213,2019,FLA,3,7,69
424,John Marino,N.J,D,27,5/21/1997,Brockton,MA,USA,USA,73,181,2015,EDM,6,3,154
77,John Tavares,TOR,C,33,9/20/1990,Mississauga,ON,CAN,CAN,73,216,2009,NYI,1,1,1
588,Johnathan Kovacevic,MTL,D,26,7/12/1997,Niagara Falls,ON,CAN,CAN,76,208,2017,WPG,3,12,74
154,Johnny Gaudreau,CBJ,L,30,8/13/1993,Salem,NJ,USA,USA,69,165,2011,CGY,4,13,104
117,Jon Merrill,MIN,D,32,2/3/1992,Oklahoma City,OK,USA,USA,75,204,2010,N.J,2,8,38
534,Jonah Gadjovich,FLA,L,25,10/12/1998,Whitby,ON,CAN,CAN,74,209,2017,VAN,2,24,55
178,Jonas Brodin,MIN,D,30,7/12/1993,Karlstad,,SWE,SWE,74,196,2011,MIN,1,10,10
550,Jonas Rondbjerg,VGK,R,25,3/31/1999,Horsholm,,DNK,DNK,74,203,2017,VGK,3,3,65
378,Jonas Siegenthaler,N.J,D,27,5/6/1997,Zurich,,CHE,CHE,74,218,2015,WSH,2,27,57
662,Jonatan Berggren,DET,R,23,7/16/2000,Uppsala,,SWE,SWE,71,197,2018,DET,2,2,33
288,Jonathan Drouin,COL,L,29,3/28/1995,Ste-Agathe,QC,CAN,CAN,71,198,2013,T.B,1,3,3
634,Jonathan Gruden,PIT,C,24,5/4/2000,Rochester Hills,MI,USA,USA,72,172,2018,OTT,4,2,95
171,Jonathan Huberdeau,CGY,C,31,6/4/1993,Saint-Jerome,QC,CAN,CAN,73,200,2011,FLA,1,3,3
188,Jonathan Marchessault,VGK,R,33,12/27/1990,Cap-Rouge,QC,CAN,CAN,69,183,-,-,-,-,-
256,Jonny Brodzinski,NYR,C,30,6/19/1993,Ham Lake,MN,USA,USA,72,212,2013,L.A,5,27,148
510,Joona Koppanen,PIT,L,26,2/25/1998,Tampere,,FIN,FIN,77,216,2016,BOS,5,14,135
59,Jordan Eberle,SEA,R,34,5/15/1990,Regina,SK,CAN,CAN,71,190,2008,EDM,1,22,22
386,Jordan Greenway,BUF,L,27,2/16/1997,Canton,NY,USA,USA,78,231,2015,MIN,2,20,50
653,Jordan Harris,MTL,D,23,7/7/2000,Haverhill,MA,USA,USA,71,189,2018,MTL,3,9,71
488,Jordan Kyrou,STL,C,26,5/5/1998,Toronto,ON,CAN,CAN,73,196,2016,STL,2,5,35
225,Jordan Martinook,CAR,L,31,7/25/1992,Brandon,MB,CAN,CAN,72,196,2012,PHX,2,28,58
310,Jordan Oesterle,CGY,D,31,6/25/1992,Dearborn Heights,MI,USA,USA,72,187,-,-,-,-,-
737,Jordan Spence,L.A,D,23,2/24/2001,Manly,,AUS,AUS,70,180,2019,L.A,4,2,95
30,Jordan Staal,CAR,C,35,9/10/1988,Thunder Bay,ON,CAN,CAN,76,220,2006,PIT,1,2,2
236,Josh Anderson,MTL,R,30,5/7/1994,Burlington,ON,CAN,CAN,75,218,2012,CBJ,4,4,95
257,Josh Brown,ARI,D,30,1/21/1994,London,ON,CAN,CAN,77,220,2013,FLA,6,1,152
834,Josh Doan,ARI,R,22,2/1/2002,,,USA,,73,183,2021,ARI,2,5,37
483,Josh Mahura,FLA,D,26,5/5/1998,St. Albert,AB,CAN,CAN,72,185,2016,ANA,3,24,85
150,Josh Manson,COL,D,32,10/7/1991,Hinsdale,IL,USA,CAN,75,218,2011,ANA,6,9,160
297,Josh Morrissey,WPG,D,29,3/28/1995,Calgary,AB,CAN,CAN,72,185,2013,WPG,1,13,13
571,Josh Norris,OTT,C,25,5/5/1999,Oxford,MI,USA,USA,74,195,2017,S.J,1,19,19
855,Joshua Roy,MTL,R,20,8/6/2003,Saint-Georges-De-Beauce,QC,CAN,CAN,72,193,2021,MTL,5,22,150
221,Jujhar Khaira,MIN,L,29,8/13/1994,Surrey,BC,CAN,CAN,76,212,2012,EDM,3,2,63
463,Julien Gauthier,NYI,R,26,10/15/1997,Pointe-aux-Trembles,QC,CAN,CAN,76,224,2016,CAR,1,21,21
893,Juraj Slafkovsky,MTL,L,20,3/30/2004,Kosice,,SVK,SVK,75,238,2022,MTL,1,1,1
280,Justin Bailey,S.J,R,28,7/1/1995,Buffalo,NY,USA,USA,76,214,2013,BUF,2,22,52
785,Justin Barron,MTL,D,22,11/15/2001,Halifax,NS,CAN,CAN,74,201,2020,COL,1,25,25
520,Justin Brazeau,BOS,R,26,2/2/1998,New Liskeard,ON,CAN,,77,220,-,-,-,-,-
527,Justin Danforth,CBJ,R,31,3/15/1993,Oshawa,ON,CAN,CAN,69,190,-,-,-,-,-
106,Justin Dowling,N.J,C,33,10/1/1990,Calgary,AB,CAN,CAN,70,180,-,-,-,-,-
119,Justin Faulk,STL,D,32,3/20/1992,South St.Paul,MN,USA,USA,72,214,2010,CAR,2,7,37
112,Justin Holl,DET,D,32,1/30/1992,Tonka Bay,MN,USA,USA,75,197,2010,CHI,2,24,54
344,Justin Kirkland,ARI,C,27,8/2/1996,Winnipeg,MB,CAN,CAN,75,183,2014,NSH,3,2,62
62,Justin Schultz,SEA,D,33,7/6/1990,Kelowna,BC,CAN,CAN,74,190,2008,ANA,2,13,43
773,Justin Sourdif,FLA,R,22,3/24/2002,,,CAN,,71,180,2020,FLA,3,25,87
750,Juuso Parssinen,NSH,C,23,2/1/2001,Hameenlinna,,FIN,FIN,75,212,2019,NSH,7,24,210
531,Juuso Valimaki,ARI,D,25,10/6/1998,Tampere,,FIN,FIN,74,205,2017,CGY,1,16,16
713,Kaapo Kakko,NYR,R,23,2/13/2001,Turku,,FIN,FIN,74,206,2019,NYR,1,2,2
699,Kaedan Korczak,VGK,D,23,1/29/2001,Yorkton,SK,CAN,CAN,75,202,2019,VGK,2,10,41
772,Kaiden Guhle,MTL,D,22,1/18/2002,Edmonton,AB,CAN,CAN,74,205,2020,MTL,1,16,16
532,Kailer Yamamoto,SEA,R,25,9/29/1998,Spokane,WA,USA,USA,68,153,2017,EDM,1,22,22
472,Kale Clague,BUF,D,26,6/5/1998,Regina,SK,CAN,CAN,72,190,2016,L.A,2,21,51
627,K'Andre Miller,NYR,D,24,1/21/2000,St. Paul,MN,USA,USA,77,215,2018,NYR,1,22,22
332,Kasperi Kapanen,STL,R,27,7/23/1996,Kuopio,,FIN,FIN,73,194,2014,PIT,1,22,22
395,Keegan Kolesar,VGK,R,27,4/8/1997,Brandon,MB,CAN,CAN,74,217,2015,CBJ,3,8,69
835,Kent Johnson,CBJ,C,21,10/18/2002,Port Moody,BC,CAN,CAN,72,175,2021,CBJ,1,5,5
643,Kevin Bahl,N.J,D,23,6/27/2000,New Westminster,BC,CAN,CAN,78,230,-,-,-,-,-
323,Kevin Fiala,L.A,L,27,7/22/1996,St. Gallen,,CHE,CHE,70,204,2014,NSH,1,11,11
124,Kevin Hayes,STL,R,32,5/8/1992,Dorchester,MA,USA,USA,77,216,2010,CHI,1,24,24
881,Kevin Korchinski,CHI,D,19,6/21/2004,Saskatoon,SK,CAN,CAN,73,185,2022,CHI,1,7,7
363,Kevin Labanc,S.J,R,28,12/12/1995,Brooklyn,NY,USA,USA,71,185,2014,S.J,6,21,171
452,Kevin Rooney,CGY,C,31,5/21/1993,Canton,MA,USA,USA,74,190,-,-,-,-,-
36,Kevin Shattenkirk,BOS,D,35,1/29/1989,New Rochelle,NY,USA,USA,72,212,2007,COL,1,14,14
432,Kevin Stenlund,FLA,C,27,9/20/1996,Huddinge,,SWE,SWE,77,215,2015,CBJ,2,28,58
613,Kiefer Sherwood,NSH,L,29,3/31/1995,Columbus,OH,USA,USA,72,194,-,-,-,-,-
697,Kirby Dach,MTL,C,23,1/21/2001,Fort Saskatchewan,AB,CAN,CAN,76,212,2019,CHI,1,3,3
438,Kirill Kaprizov,MIN,L,27,4/26/1997,Novokuznetsk,,RUS,RUS,70,202,2015,MIN,5,14,135
656,Kirill Marchenko,CBJ,R,23,7/21/2000,Barnaul,,RUS,RUS,75,197,2018,CBJ,2,18,49
553,Klim Kostin,"DET, S.J",C,25,5/5/1999,Penza,,RUS,RUS,75,215,2017,STL,1,31,31
539,Kole Lind,SEA,R,25,10/16/1998,Swift Current,SK,CAN,CAN,73,178,2017,VAN,2,2,33
19,Kris Letang,PIT,D,37,4/24/1987,Montreal,QC,CAN,CAN,72,201,2005,PIT,3,1,62
244,Kurtis MacDermid,"COL, N.J","D, L",30,3/25/1994,Sauble Beach,ON,CAN,CAN,77,233,-,-,-,-,-
251,Kyle Burroughs,S.J,D,28,7/12/1995,Vancouver,BC,CAN,CAN,72,193,2013,NYI,7,15,196
377,Kyle Connor,WPG,L,27,12/9/1996,Shelby Twp.,MI,USA,USA,74,179,2015,WPG,1,17,17
686,Kyle MacLean,NYI,C,25,4/29/1999,,,USA,,73,190,-,-,-,-,-
24,Kyle Okposo,"BUF, FLA",R,36,4/16/1988,St. Paul,MN,USA,USA,72,218,2006,NYI,1,7,7
74,Kyle Palmieri,NYI,C,33,2/1/1991,Smithtown,NY,USA,USA,71,198,2009,ANA,1,26,26
810,Landon Slaggert,CHI,L,21,6/25/2002,,,USA,,72,180,2020,CHI,3,17,79
879,Lane Hutson,MTL,D,20,2/14/2004,,,USA,,69,158,2022,MTL,2,30,62
51,Lars Eller,PIT,C,35,5/8/1989,Rodovre,,DNK,DNK,74,205,2007,STL,1,13,13
416,Lawson Crouse,ARI,L,26,6/23/1997,Mt. Brydges,ON,CAN,CAN,76,215,2015,FLA,1,11,11
911,Leo Carlsson,ANA,C,19,12/26/2004,,,SWE,,75,194,2023,ANA,1,2,2
318,Leon Draisaitl,EDM,C,28,10/27/1995,Cologne,,DEU,DEU,74,208,2014,EDM,1,3,3
641,Liam Foudy,"CBJ, NSH",C,24,2/4/2000,Toronto,ON,CAN,CAN,74,188,2018,CBJ,1,18,18
243,Liam O'Brien,ARI,C,29,7/29/1994,Halifax,NS,CAN,CAN,73,213,-,-,-,-,-
890,Liam Ohgren,MIN,L,20,1/28/2004,,,SWE,,72,187,2022,MIN,1,19,19
666,Linus Karlsson,VAN,C,24,11/16/1999,Eksjö,,SWE,SWE,73,178,2018,S.J,3,25,87
876,Logan Cooley,ARI,C,20,5/4/2004,Pittsburgh,PA,USA,USA,70,174,-,-,-,-,-
40,Logan Couture,S.J,C,35,3/28/1989,Guelph,ON,CAN,CAN,73,206,2007,S.J,1,9,9
869,Logan Morrison,SEA,C,21,7/9/2002,,,CAN,,72,179,-,-,-,-,-
684,Logan O'Connor,COL,R,27,8/14/1996,Missouri City,TX,USA,USA,72,175,-,-,-,-,-
843,Logan Stankoven,DAL,C,21,2/26/2003,Kamloops,BC,CAN,CAN,67,170,2021,DAL,2,15,47
485,Logan Stanley,WPG,D,26,5/26/1998,Waterloo,ON,CAN,CAN,79,242,2016,WPG,1,18,18
347,Louie Belpedio,PHI,D,28,5/14/1996,Skokie,IL,USA,USA,71,197,2014,MIN,3,20,80
760,Louis Crevier,CHI,D,23,5/4/2001,Quebec City,QC,CAN,CAN,72,196,2020,CHI,7,2,188
897,Lucas Condotta,MTL,L,26,6/19/1997,Georgetown,ON,CAN,CAN,73,223,-,-,-,-,-
459,Lucas Johansen,WSH,D,26,11/16/1997,Vancouver,BC,CAN,CAN,74,176,2016,WSH,1,28,28
770,Lucas Raymond,DET,L,22,3/28/2002,Gothenburg,,SWE,SWE,71,176,2020,DET,1,4,4
795,Lukas Cormier,VGK,D,22,3/27/2002,,,CAN,,71,185,2020,VGK,3,6,68
788,Lukas Reichel,CHI,L,22,5/17/2002,Nürnberg,,DEU,DEU,72,170,2020,CHI,1,17,17
757,Lukas Rousek,BUF,R,25,4/20/1999,Ostrov Nad Ohri,,CZE,CZE,71,171,2019,BUF,6,5,160
799,Luke Evangelista,NSH,R,22,2/21/2002,Toronto,ON,CAN,CAN,72,183,2020,NSH,2,11,42
191,Luke Glendening,T.B,C,35,4/28/1989,Grand Rapids,MI,USA,USA,71,190,-,-,-,-,-
841,Luke Hughes,N.J,D,20,9/9/2003,Manchester,NH,USA,USA,74,184,2021,N.J,1,4,4
456,Luke Kunin,S.J,C,26,12/4/1997,Chesterfield,MO,USA,USA,72,197,2016,MIN,1,15,15
56,Luke Schenn,NSH,D,34,11/2/1989,Saskatoon,SK,CAN,CAN,74,225,2008,TOR,1,5,5
560,MacKenzie Entwistle,CHI,R,24,7/14/1999,Georgetown,ON,CAN,CAN,75,184,2017,ARI,3,7,69
219,Mackenzie MacEachern,STL,L,30,3/9/1994,Bloomfield Hills,MI,USA,USA,74,193,2012,STL,3,6,67
252,MacKenzie Weegar,CGY,D,30,1/7/1994,Ottawa,ON,CAN,CAN,72,206,2013,FLA,7,25,206
846,Mackie Samoskevich,FLA,R,21,11/15/2002,Newtown,CT,USA,USA,71,191,2021,FLA,1,24,24
905,Maksymilian Szuber,ARI,D,21,8/25/2002,,,POL,,75,190,2022,ARI,6,2,163
813,Marat Khusnutdinov,MIN,C,21,7/17/2002,,,RUS,,71,176,2020,MIN,2,6,37
756,Marc Del Gaizo,NSH,D,24,10/11/1999,Basking Ridge,NJ,USA,USA,71,188,2019,NSH,4,16,109
874,Marc Johnstone,PIT,R,27,6/19/1996,,,USA,,72,181,-,-,-,-,-
872,Marc McLaughlin,BOS,C,24,7/26/1999,North Billerica,MA,USA,USA,72,203,-,-,-,-,-
15,Marc Staal,PHI,D,37,1/13/1987,Thunder Bay,ON,CAN,CAN,76,208,2005,NYR,1,12,12
18,Marc-Edouard Vlasic,S.J,D,37,3/30/1987,Montreal,QC,CAN,CAN,73,205,2005,S.J,2,5,35
771,Marco Rossi,MIN,C,22,9/23/2001,Feldkirch,,AUT,AUT,69,182,2020,MIN,1,9,9
64,Marco Scandella,STL,D,34,2/23/1990,Montreal,QC,CAN,CAN,75,212,2008,MIN,2,25,55
95,Marcus Foligno,MIN,L,32,8/10/1991,Buffalo,NY,USA,CAN,75,226,2009,BUF,4,13,104
73,Marcus Johansson,MIN,L,33,10/6/1990,Landskrona,,SWE,SWE,73,203,2009,WSH,1,24,24
338,Marcus Pettersson,PIT,D,28,5/8/1996,Skellefteå,,SWE,SWE,75,177,2014,ANA,2,8,38
595,Marián Studenic,SEA,R,25,10/28/1998,Skalica,,SVK,SVK,73,190,2017,N.J,5,19,143
536,Mario Ferraro,S.J,D,25,9/17/1998,Toronto,ON,CAN,CAN,72,209,2017,S.J,2,18,49
349,Mark Friedman,VAN,D,28,12/25/1995,Toronto,ON,CAN,CAN,71,185,2014,PHI,3,26,86
7,Mark Giordano,TOR,D,40,10/3/1983,Toronto,ON,CAN,CAN,72,205,-,-,-,-,-
201,Mark Jankowski,NSH,C,29,9/13/1994,Hamilton,ON,CAN,CAN,76,212,2012,CGY,1,21,21
606,Mark Kastelic,OTT,C,25,3/11/1999,Phoenix,AZ,USA,,75,233,2019,OTT,5,1,125
175,Mark Scheifele,WPG,C,31,3/15/1993,Kitchener,ON,CAN,CAN,75,198,2011,WPG,1,7,7
146,Mark Stone,VGK,R,32,5/13/1992,Winnipeg,MB,CAN,CAN,75,217,2010,OTT,6,28,178
896,Marshall Rifai,TOR,D,26,3/16/1998,,,CAN,,72,185,-,-,-,-,-
617,Martin Fehervary,WSH,D,24,10/6/1999,Bratislava,,SVK,SVK,74,199,2018,WSH,2,15,46
567,Martin Necas,CAR,C,25,1/15/1999,Nove Mesto na Morave,,CZE,CZE,74,189,2017,CAR,1,12,12
667,Martin Pospisil,CGY,C,24,11/19/1999,Zvolen,,SVK,SVK,74,173,2018,CGY,4,12,105
443,Mason Appleton,WPG,C,28,1/15/1996,Green Bay,WI,USA,USA,75,197,2015,WPG,6,17,168
828,Mason Lohrei,BOS,D,23,1/17/2001,,,USA,,77,211,2020,BOS,2,27,58
448,Mason Marchment,DAL,L,28,6/18/1995,Uxbridge,ON,CAN,,76,210,-,-,-,-,-
853,Mason McTavish,ANA,C,21,1/30/2003,Zurich,,CHE,CHE,72,213,2021,ANA,1,3,3
690,Mason Morelli,VGK,L,28,2/1/1996,,,USA,,73,198,-,-,-,-,-
530,Mason Shaw,MIN,C,25,11/3/1998,Lloydminster,AB,CAN,CAN,70,184,2017,MIN,4,4,97
401,Mathew Barzal,NYI,C,27,5/26/1997,Coquitlam,BC,CAN,CAN,73,190,2015,NYI,1,16,16
415,Mathieu Joseph,OTT,R,27,2/9/1997,Laval,QC,CAN,CAN,73,187,2015,T.B,4,29,120
523,Mathieu Olivier,CBJ,R,27,2/11/1997,Biloxi,MS,USA,USA,73,217,-,-,-,-,-
752,Matias Maccelli,ARI,L,23,10/14/2000,Turku,,FIN,FIN,71,176,2019,ARI,4,5,98
110,Mats Zuccarello,MIN,R,36,9/1/1987,Oslo,,NOR,NOR,68,181,-,-,-,-,-
715,Matt Boldy,MIN,L,23,4/5/2001,Milford,MA,USA,USA,74,201,2019,MIN,1,12,12
840,Matt Coronato,CGY,R,21,11/14/2002,Greenlawn,NY,USA,USA,70,183,2021,CGY,1,13,13
79,Matt Duchene,DAL,C,33,1/16/1991,Haliburton,ON,CAN,CAN,71,195,2009,COL,1,3,3
195,Matt Dumba,"ARI, T.B",D,29,7/25/1994,Regina,SK,CAN,CAN,72,181,2012,MIN,1,7,7
213,Matt Grzelcyk,BOS,D,30,1/5/1994,Charlestown,MA,USA,USA,70,176,2012,BOS,3,24,85
68,Matt Martin,NYI,L,35,5/8/1989,Windsor,ON,CAN,CAN,75,220,2008,NYI,5,27,148
167,Matt Nieto,PIT,L,31,11/5/1992,Long Beach,CA,USA,USA,71,187,2011,S.J,2,17,47
823,Matt Rempe,NYR,C,21,6/29/2002,Calgary,AB,CAN,CAN,80,240,2020,NYR,6,10,165
445,Matt Roy,L.A,D,29,3/1/1995,Detroit,MI,USA,USA,73,205,2015,L.A,7,13,194
892,Matt Savoie,BUF,C,20,1/1/2004,St. Albert,AB,CAN,CAN,69,179,2022,BUF,1,9,9
237,Matthew Benning,S.J,D,30,5/25/1994,Edmonton,AB,CAN,CAN,73,203,2012,BOS,6,24,175
369,Matthew Highmore,OTT,C,28,2/27/1996,Halifax,NS,CAN,CAN,71,188,-,-,-,-,-
829,Matthew Kessel,STL,D,23,6/23/2000,Phoenix,AZ,USA,USA,74,205,2020,STL,5,26,150
847,Matthew Knies,TOR,L,21,10/17/2002,Phoenix,AZ,USA,USA,74,210,2021,TOR,2,25,57
515,Matthew Phillips,"PIT, WSH",R,26,4/6/1998,Calgary,AB,CAN,CAN,67,140,2016,CGY,6,15,166
891,Matthew Poitras,BOS,C,20,3/10/2004,Ajax,ON,CAN,CAN,71,176,2022,BOS,2,22,54
454,Matthew Tkachuk,FLA,L,26,12/11/1997,Scottsdale,AZ,USA,USA,74,201,2016,CGY,1,6,6
94,Mattias Ekholm,EDM,D,34,5/24/1990,Borlange,,SWE,SWE,76,215,2009,NSH,4,11,102
262,Mattias Janmark,EDM,C,31,12/8/1992,Stockholm,,SWE,SWE,73,205,2013,DET,3,18,79
625,Mattias Samuelsson,BUF,D,24,3/14/2000,Philadelphia,PA,USA,USA,76,231,2018,BUF,2,1,32
836,Matty Beniers,SEA,C,21,11/5/2002,Hingham,MA,USA,USA,74,178,2021,SEA,1,2,2
798,Mavrik Bourque,DAL,C,22,1/8/2002,Plessisville,QC,CAN,CAN,70,185,2020,DAL,1,30,30
563,Max Comtois,CAR,L,25,1/8/1999,Longueuil,QC,CAN,CAN,74,210,2017,ANA,2,19,50
296,Max Domi,TOR,C,29,3/2/1995,Winnipeg,MB,CAN,CAN,70,194,2013,PHX,1,12,12
479,Max Jones,ANA,L,26,2/17/1998,Rochester,MI,USA,USA,75,216,2016,ANA,1,24,24
458,Max Lajoie,TOR,D,26,11/5/1997,Quebec City,QC,CAN,CAN,73,196,2016,OTT,5,12,133
151,Max McCormick,SEA,L,32,5/1/1992,De Pere,WI,USA,USA,71,188,2011,OTT,6,20,171
49,Max Pacioretty,WSH,L,35,11/20/1988,New Canaan,CT,USA,USA,74,217,2007,MTL,1,22,22
358,Max Willman,N.J,C,29,2/13/1995,Barnstable,MA,USA,USA,72,184,2014,BUF,5,1,121
745,Maxence Guenette,OTT,D,23,4/28/2001,L'Ancienne-Lorette,QC,CAN,CAN,73,181,2019,OTT,7,1,187
754,Maxwell Crozier,T.B,D,24,4/19/2000,,,CAN,,73,197,2019,T.B,4,27,120
350,Michael Amadio,VGK,R,28,5/13/1996,Sault Ste. Marie,ON,CAN,CAN,73,204,2014,L.A,3,30,90
357,Michael Bunting,"CAR, PIT",L,28,9/17/1995,Scarborough,ON,CAN,CAN,72,192,2014,ARI,4,27,117
519,Michael Carcone,ARI,L,28,5/19/1996,Ajax,ON,CAN,CAN,69,170,-,-,-,-,-
518,Michael Eyssimont,T.B,C,27,9/9/1996,Littleton,CO,USA,USA,72,180,2016,L.A,5,21,142
655,Michael Kesselring,ARI,D,24,1/13/2000,New Hampton,NH,USA,USA,76,190,2018,EDM,6,9,164
271,Michael McCarron,NSH,R,29,3/7/1995,Grosse Pointe,MI,USA,USA,78,232,2013,MTL,1,25,25
497,Michael McLeod,N.J,C,26,2/3/1998,Mississauga,ON,CAN,CAN,74,190,2016,N.J,1,12,12
513,Michael Pezzetta,MTL,L,26,3/13/1998,Toronto,ON,CAN,CAN,73,210,2016,MTL,6,9,160
542,Michael Rasmussen,DET,C,25,4/17/1999,Vancouver,BC,CAN,CAN,78,211,2017,DET,1,9,9
147,Michael Sgarbossa,WSH,C,31,7/25/1992,Campbellville,ON,CAN,CAN,72,179,-,-,-,-,-
174,Mika Zibanejad,NYR,C,31,4/18/1993,Huddinge,,SWE,SWE,74,202,2011,OTT,1,6,6
47,Mikael Backlund,CGY,C,35,3/17/1989,Vasteras,,SWE,SWE,72,206,2007,CGY,1,24,24
138,Mikael Granlund,S.J,C,32,2/26/1992,Oulu,,FIN,FIN,70,185,2010,MIN,1,9,9
822,Mikael Pyyhtia,CBJ,L,22,12/17/2001,Turku,,FIN,FIN,72,166,2020,CBJ,4,21,114
72,Mike Hoffman,S.J,C,34,11/24/1989,Kitchener,ON,CAN,CAN,72,190,2009,OTT,5,9,130
203,Mike Matheson,MTL,D,30,2/27/1994,Pointe-Claire,QC,CAN,CAN,74,193,2012,FLA,1,23,23
162,Mike Reilly,"FLA, NYI",D,30,7/13/1993,Chicago,IL,USA,USA,73,196,2011,CBJ,4,7,98
545,Mikey Anderson,L.A,D,25,5/25/1999,Fridley,MN,USA,USA,72,195,2017,L.A,4,10,103
495,Mikhail Sergachev,T.B,D,25,6/25/1998,Nizhnekamsk,,RUS,RUS,73,217,2016,MTL,1,9,9
389,Mikko Rantanen,COL,R,27,10/29/1996,Nousiainen,,FIN,FIN,76,215,2015,COL,1,10,10
26,Milan Lucic,BOS,L,36,6/7/1988,Vancouver,BC,CAN,CAN,75,240,2006,BOS,2,20,50
266,Miles Wood,COL,L,28,9/13/1995,Buffalo,NY,USA,USA,74,195,2013,N.J,4,9,100
901,Milos Kelemen,ARI,L,24,7/6/1999,Svolen,,SVK,SVK,74,210,-,-,-,-,-
566,Miro Heiskanen,DAL,D,24,7/18/1999,Espoo,,FIN,FIN,73,195,2017,DAL,1,3,3
766,Mitchell Chaffee,T.B,R,26,1/26/1998,Rockford,MI,USA,USA,73,201,-,-,-,-,-
418,Mitchell Marner,TOR,R,27,5/5/1997,Markham,ON,CAN,CAN,72,181,2015,TOR,1,4,4
417,Mitchell Stephens,MTL,C,27,2/5/1997,Peterborough,ON,CAN,CAN,71,190,2015,T.B,2,3,33
602,Morgan Barron,WPG,C,25,12/2/1998,Halifax,NS,CAN,CAN,76,220,2017,NYR,6,19,174
562,Morgan Frost,PHI,C,25,5/14/1999,Aurora,ON,CAN,CAN,71,170,2017,PHI,1,27,27
540,Morgan Geekie,BOS,C,25,7/20/1998,Strathclair,MB,CAN,CAN,75,200,2017,CAR,3,5,67
193,Morgan Rielly,TOR,D,30,3/9/1994,Vancouver,BC,CAN,CAN,73,222,2012,TOR,1,5,5
708,Moritz Seider,DET,D,23,4/6/2001,Zell,,DEU,DEU,76,204,2019,DET,1,6,6
247,Nate Schmidt,WPG,D,32,7/16/1991,St. Cloud,MN,USA,USA,72,195,-,-,-,-,-
496,Nathan Bastian,N.J,R,26,12/6/1997,Kitchener,ON,CAN,CAN,76,205,2016,N.J,2,11,41
286,Nathan MacKinnon,COL,C,28,9/1/1995,Halifax,NS,CAN,CAN,72,200,2013,COL,1,1,1
305,Nathan Walker,STL,L,30,2/7/1994,Cardiff,,GBR,AUS,69,187,2014,WSH,3,29,89
83,Nazem Kadri,CGY,C,33,10/6/1990,London,ON,CAN,CAN,72,185,2009,TOR,1,7,7
582,Neal Pionk,WPG,D,28,7/29/1995,Hermantown,MN,USA,USA,72,185,-,-,-,-,-
105,Nic Dowd,WSH,C,34,5/27/1990,Huntsville,AL,USA,USA,73,193,2009,L.A,7,17,198
278,Nic Petan,MIN,C,29,3/22/1995,Delta,BC,CAN,CAN,69,175,2013,WPG,2,13,43
267,Nicholas Paul,T.B,L,29,3/20/1995,Mississauga,ON,CAN,CAN,75,223,2013,DAL,4,10,101
725,Nicholas Robertson,TOR,L,22,9/11/2001,Pasadena,CA,USA,USA,69,183,2019,TOR,2,22,53
122,Nick Bjugstad,ARI,C,31,7/17/1992,Minneapolis,MN,USA,USA,78,209,2010,FLA,1,19,19
898,Nick Blankenburg,CBJ,D,26,5/12/1998,WASHINGTON,MI,USA,USA,69,177,-,-,-,-,-
34,Nick Bonino,NYR,C,36,4/20/1988,Hartford,CT,USA,USA,73,195,2007,S.J,6,22,173
159,Nick Cousins,FLA,C,30,7/20/1993,Belleville,ON,CAN,CAN,71,192,2011,PHI,3,7,68
579,Nick DeSimone,"CGY, N.J",D,29,11/21/1994,East Amherst,NY,USA,USA,74,185,-,-,-,-,-
22,Nick Foligno,CHI,L,36,10/31/1987,Buffalo,NY,USA,USA,72,210,2006,OTT,1,28,28
104,Nick Jensen,WSH,D,33,9/21/1990,St. Paul,MN,USA,USA,73,205,2009,DET,5,29,150
86,Nick Leddy,STL,D,33,3/20/1991,Eden Prairie,MN,USA,USA,72,205,2009,MIN,1,16,16
597,Nick Perbix,T.B,D,26,6/15/1998,Minneapolis,MN,USA,USA,74,191,2017,T.B,6,14,169
330,Nick Schmaltz,ARI,C,28,2/23/1996,Madison,WI,USA,USA,72,181,2014,CHI,1,20,20
155,Nick Seeler,PHI,D,31,6/3/1993,Eden Prairie,MN,USA,USA,74,201,2011,MIN,5,10,131
557,Nick Suzuki,MTL,C,24,8/10/1999,London,ON,CAN,CAN,71,208,2017,VGK,1,13,13
31,Nicklas Backstrom,WSH,C,36,11/23/1987,Gävle,,SWE,SWE,73,202,2006,WSH,1,4,4
548,Nico Hischier,N.J,C,25,1/4/1999,Brig,,CHE,CHE,73,175,2017,N.J,1,1,1
691,Nico Sturm,S.J,C,29,5/3/1995,Augsburg,,DEU,DEU,75,209,-,-,-,-,-
340,Nicolas Aube-Kubel,WSH,R,28,5/10/1996,Slave Lake,AB,CAN,CAN,72,207,2014,PHI,2,18,48
99,Nicolas Deslauriers,PHI,L,33,2/22/1991,LaSalle,QC,CAN,CAN,73,220,2009,L.A,3,23,84
533,Nicolas Hague,VGK,D,25,12/5/1998,Kitchener,ON,CAN,CAN,78,230,2017,VGK,2,3,34
410,Nicolas Roy,VGK,C,27,2/5/1997,Amos,QC,CAN,CAN,76,202,2015,CAR,4,5,96
709,Nikita Alexandrov,STL,C,23,9/16/2000,Burgwedel,,DEU,DEU,73,177,-,-,-,-,-
169,Nikita Kucherov,T.B,R,30,6/17/1993,Maykop,,RUS,RUS,71,181,2011,T.B,2,28,58
758,Nikita Nesterenko,ANA,C,22,9/10/2001,Brooklyn,NY,USA,USA,74,183,2019,MIN,6,17,172
705,Nikita Okhotiuk,"CGY, S.J",D,23,12/4/2000,Chelyabinsk,,RUS,RUS,73,195,2019,N.J,2,30,61
300,Nikita Zadorov,"CGY, VAN",D,29,4/16/1995,Moscow,,RUS,RUS,78,248,2013,BUF,1,16,16
505,Nikita Zaitsev,CHI,D,32,10/29/1991,Moscow,,RUS,RUS,74,192,-,-,-,-,-
437,Niko Mikkola,FLA,D,28,4/27/1996,Finland,,FIN,FIN,76,209,2015,STL,5,6,127
761,Nikolai Knyzhov,S.J,D,27,3/20/1997,KEMEROVO,,RUS,RUS,75,222,-,-,-,-,-
322,Nikolaj Ehlers,WPG,L,28,2/14/1996,Aalborg,,DNK,DNK,72,169,2014,WPG,1,9,9
921,Nikolas Matinpalo,OTT,D,25,10/5/1998,Espoo,,Fin,,75,207,-,-,-,-,-
827,Nils Aman,VAN,C,24,2/7/2000,Avesta,,SWE,SWE,74,179,2020,COL,6,12,167
704,Nils Hoglander,VAN,L,23,12/20/2000,BOCKTRäSK,,SWE,SWE,69,185,2019,VAN,2,9,40
649,Nils Lundkvist,DAL,D,23,7/27/2000,Pitea,,SWE,SWE,71,190,2018,NYR,1,28,28
139,Nino Niederreiter,WPG,R,31,9/8/1992,Chur,,CHE,CHE,74,218,2010,NYI,1,5,5
593,Noah Cates,PHI,L,25,2/5/1999,Stillwater,MN,USA,USA,73,165,2017,PHI,5,13,137
644,Noah Dobson,NYI,D,24,1/7/2000,Summerside,PE,CAN,CAN,76,194,2018,NYI,1,12,12
490,Noah Gregor,TOR,C,25,7/28/1998,Beaumont,AB,CAN,CAN,72,190,2016,S.J,4,20,111
375,Noah Hanifin,"CGY, VGK",D,27,1/25/1997,Boston,MA,USA,USA,75,207,2015,CAR,1,5,5
407,Noah Juulsen,VAN,D,27,4/2/1997,Surrey,BC,CAN,CAN,74,201,2015,MTL,1,26,26
430,Noel Acciari,PIT,C,32,12/1/1991,Johnston,RI,USA,USA,70,209,-,-,-,-,-
694,Nolan Foote,N.J,L,23,11/29/2000,Denver,CO,USA,USA,75,196,2019,T.B,1,27,27
861,Olen Zellweger,ANA,D,20,9/10/2003,Calgary,AB,CAN,CAN,69,175,2021,ANA,2,2,34
265,Oliver Bjorkstrand,SEA,R,29,4/10/1995,Herning,,DNK,DNK,72,175,2013,CBJ,3,28,89
82,Oliver Ekman-Larsson,FLA,D,32,7/17/1991,Karlskrona,,SWE,SWE,74,200,2009,PHX,1,6,6
393,Oliver Kylington,CGY,D,27,5/19/1997,Stockholm,,SWE,SWE,72,183,2015,CGY,2,30,60
616,Oliver Wahlstrom,NYI,R,24,6/13/2000,Portland,ME,USA,USA,74,204,2018,NYI,1,11,11
596,Olle Lycksell,PHI,R,24,8/24/1999,Oskarshamn,,SWE,SWE,70,163,2017,PHI,6,13,168
202,Olli Maatta,DET,D,29,8/22/1994,Jyväskylä,,FIN,FIN,74,207,2012,PIT,1,22,22
149,Ondrej Palat,N.J,L,33,3/28/1991,Frydek-Mistek,,CZE,CZE,72,194,2011,T.B,7,27,208
361,Oskar Lindblom,S.J,L,27,8/15/1996,Gävle,,SWE,SWE,73,191,2014,PHI,5,18,138
845,Oskar Olausson,COL,R,21,11/10/2002,Stockholm,,SWE,SWE,73,180,2021,COL,1,28,28
514,Oskar Steen,BOS,C,26,3/9/1998,Karlstad,,SWE,SWE,70,193,2016,BOS,6,14,165
215,Oskar Sundqvist,STL,C,30,3/23/1994,Boden,,SWE,SWE,75,220,2012,PIT,3,20,81
839,Owen Power,BUF,D,21,11/22/2002,Mississauga,ON,CAN,CAN,78,218,2021,BUF,1,1,1
556,Owen Tippett,PHI,R,25,2/16/1999,Peterborough,ON,CAN,CAN,73,207,2017,FLA,1,10,10
609,Parker Kelly,OTT,L,25,5/14/1999,Camrose,AB,CAN,CAN,72,190,-,-,-,-,-
404,Parker Wotherspoon,BOS,D,26,8/24/1997,Surrey,BC,CAN,CAN,73,190,2015,NYI,4,21,112
37,Pat Maroon,"BOS, MIN",L,36,4/23/1988,St. Louis,MO,USA,USA,75,234,2007,PHI,6,10,161
311,Patrick Brown,BOS,C,32,5/29/1992,Bloomfield Hills,MI,USA,USA,73,210,-,-,-,-,-
44,Patrick Kane,DET,R,35,11/19/1988,Buffalo,NY,USA,USA,70,177,2007,CHI,1,1,1
923,Patrik Koch,ARI,D,27,12/8/1996,Malacky,,SVK,SVK,73,190,-,-,-,-,-
467,Patrik Laine,CBJ,L,26,4/19/1998,Tampere,,FIN,FIN,77,205,2016,WPG,1,2,2
669,Paul Cotter,VGK,C,24,11/16/1999,Canton,MI,USA,USA,74,212,2018,VGK,4,22,115
260,Pavel Buchnevich,STL,L,29,4/17/1995,Cherepovets,,RUS,RUS,73,196,2013,NYR,3,14,75
735,Pavel Dorofeyev,VGK,L,23,10/26/2000,Nizhny Tagil,,RUS,RUS,73,194,2019,VGK,3,17,79
886,Pavel Mintyukov,ANA,D,20,11/25/2003,Moscow,,RUS,RUS,73,192,2022,ANA,1,10,10
380,Pavel Zacha,BOS,C,27,4/6/1997,Brno,,CZE,CZE,76,199,2015,N.J,1,6,6
904,Pavol Regenda,ANA,L,24,12/7/1999,Michalovce,,SVK,SVK,76,212,-,-,-,-,-
696,Peyton Krebs,BUF,C,23,1/26/2001,Calgary,AB,CAN,CAN,72,187,2019,VGK,1,17,17
731,Philip Broberg,EDM,D,22,6/25/2001,Orebro,,SWE,SWE,75,199,2019,EDM,1,8,8
600,Philip Kemp,EDM,D,25,2/12/1999,Greenwich,CT,USA,USA,75,202,2017,EDM,7,22,208
721,Philip Tomasino,NSH,C,22,7/28/2001,Mississauga,ON,CAN,CAN,72,179,2019,NSH,1,24,24
619,Philipp Kurashev,CHI,C,24,10/12/1999,Munsingen,,CHE,CHE,72,190,2018,CHI,4,27,120
449,Philippe Myers,T.B,D,27,1/25/1997,Moncton,NB,CAN,CAN,78,219,-,-,-,-,-
184,Phillip Danault,L.A,C,31,2/24/1993,Victoriaville,QC,CAN,CAN,73,200,2011,CHI,1,26,26
196,Phillip Di Giuseppe,VAN,L,30,10/9/1993,Toronto,ON,CAN,CAN,72,193,2012,CAR,2,8,38
366,Pierre Engvall,NYI,L,28,5/31/1996,Ljungby,,SWE,SWE,77,219,2014,TOR,7,8,188
314,Pierre-Edouard Bellemare,SEA,L,39,3/6/1985,Le Blanc-Mesnil,,FRA,FRA,71,198,-,-,-,-,-
492,Pierre-Luc Dubois,L.A,C,25,6/24/1998,Ste-Agathe-Des-Monts,QC,CAN,CAN,76,214,2016,CBJ,1,3,3
570,Pierre-Olivier Joseph,PIT,D,24,7/1/1999,Laval,QC,CAN,CAN,74,185,2017,ARI,1,23,23
907,Pierrick Dube,WSH,R,23,1/7/2001,,,FRA,,69,172,-,-,-,-,-
610,Pius Suter,VAN,C,28,5/24/1996,Zurich,,CHE,CHE,71,179,-,-,-,-,-
660,Pontus Holmberg,TOR,R,25,3/9/1999,Vasteras,,SWE,SWE,72,202,2018,TOR,6,1,156
620,Quinn Hughes,VAN,D,24,10/14/1999,Orlando,FL,USA,USA,70,180,2018,VAN,1,7,7
791,Quinton Byfield,L.A,"C, R",21,8/19/2002,Newmarket,ON,CAN,CAN,77,220,2020,L.A,1,2,2
212,Radek Faksa,DAL,C,30,1/9/1994,Vitkov,,CZE,CZE,75,225,2012,DAL,1,13,13
818,Radim Zohorna,PIT,L,28,4/29/1996,Havlickuv,,CZE,CZE,78,220,-,-,-,-,-
108,Radko Gudas,ANA,D,34,6/5/1990,Prague,,CZE,CZE,72,208,2010,T.B,3,6,66
678,Rafael Harvey-Pinard,MTL,L,25,1/6/1999,Saguenay,QC,CAN,CAN,69,181,2019,MTL,7,15,201
703,Raphael Lavoie,EDM,C,23,9/25/2000,Chambly,QC,CAN,CAN,76,196,2019,EDM,2,7,38
376,Rasmus Andersson,CGY,D,27,10/27/1996,Malmö,,SWE,SWE,73,202,2015,CGY,2,23,53
635,Rasmus Dahlin,BUF,D,24,4/13/2000,Trollhattan,,SWE,SWE,75,202,2018,BUF,1,1,1
637,Rasmus Kupari,WPG,C,24,3/15/2000,Kotka,,FIN,FIN,74,200,2018,L.A,1,20,20
293,Rasmus Ristolainen,PHI,D,29,10/27/1994,Turku,,FIN,FIN,76,221,2013,BUF,1,8,8
647,Rasmus Sandin,WSH,D,24,3/7/2000,Uppsala,,SWE,SWE,71,182,2018,TOR,1,29,29
680,Reese Johnson,CHI,C,25,7/10/1998,Regina,SK,CAN,CAN,73,193,-,-,-,-,-
89,Reilly Smith,PIT,R,33,4/1/1991,Toronto,ON,CAN,CAN,73,185,2009,DAL,3,8,69
506,Rem Pitlick,CHI,C,27,4/2/1997,Ottawa,ON,CAN,CAN,71,186,2016,NSH,3,15,76
517,Rhett Gardner,PHI,C,28,2/28/1996,Moose Jaw,SK,CAN,CAN,75,210,2016,DAL,4,25,116
186,Rickard Rakell,PIT,R,31,5/5/1993,Sundbyberg,,SWE,SWE,73,195,2011,ANA,1,30,30
775,Ridly Greig,OTT,C,21,8/8/2002,Lethbridge,AB,CAN,CAN,72,183,2020,OTT,1,28,28
41,Riley Nash,NYR,C,35,5/9/1989,Consort,AB,CAN,CAN,74,188,2007,EDM,1,21,21
476,Riley Tufte,COL,L,26,4/10/1998,Coon Rapids,MN,USA,USA,78,230,2016,DAL,1,25,25
331,Robby Fabbri,DET,C,28,1/22/1996,Mississauga,ON,CAN,CAN,71,185,2014,STL,1,21,21
45,Robert Bortuzzo,"NYI, STL",D,35,3/18/1989,Thunder Bay,ON,CAN,CAN,76,216,2007,PIT,3,17,78
277,Robert Hagg,ANA,D,29,2/8/1995,Uppsala,,SWE,SWE,74,210,2013,PHI,2,11,41
559,Robert Thomas,STL,C,24,7/2/1999,Aurora,ON,CAN,CAN,72,218,2017,STL,1,20,20
807,Roby Jarventie,OTT,L,21,8/8/2002,Tampere,,FIN,FIN,74,184,2020,OTT,2,2,33
61,Roman Josi,NSH,D,34,6/1/1990,Bern,,CHE,CHE,73,201,2008,NSH,2,8,38
695,Ronnie Attard,PHI,D,25,3/20/1999,White Lake,MI,USA,USA,75,208,2019,PHI,3,10,72
403,Roope Hintz,DAL,C,27,11/17/1996,Tampere,,FIN,FIN,75,215,2015,DAL,2,19,49
509,Ross Colton,COL,C,27,9/11/1996,Robbinsville,NJ,USA,USA,72,194,2016,T.B,4,27,118
303,Ross Johnston,ANA,L,30,2/18/1994,Charlottetown,PE,CAN,CAN,77,230,-,-,-,-,-
362,Rourke Chartier,OTT,C,28,4/3/1996,Saskatoon,SK,CAN,CAN,71,190,2014,S.J,5,29,149
664,Ruslan Iskhakov,NYI,C,23,7/22/2000,Moscow,,RUS,RUS,69,165,2018,NYI,2,12,43
309,Ryan Carpenter,S.J,C,33,1/18/1991,Oviedo,FL,USA,USA,73,198,-,-,-,-,-
342,Ryan Donato,CHI,C,28,4/9/1996,Boston,MA,USA,USA,72,190,2014,BOS,2,26,56
269,Ryan Graves,PIT,D,29,5/21/1995,Yarmouth,NS,CAN,CAN,77,220,2013,NYR,4,19,110
274,Ryan Hartman,MIN,R,29,9/20/1994,Hilton Head Isl.,SC,USA,USA,72,197,2013,CHI,1,30,30
134,Ryan Johansen,COL,C,31,7/31/1992,Vancouver,BC,CAN,CAN,75,218,2010,CBJ,1,4,4
718,Ryan Johnson,BUF,D,22,7/24/2001,,,USA,,72,170,2019,BUF,1,31,31
461,Ryan Lindgren,NYR,D,26,2/11/1998,Burnsville,MN,USA,USA,72,190,2016,BOS,2,19,49
450,Ryan Lomberg,FLA,L,29,9/12/1994,Richmond Hill,ON,CAN,CAN,69,187,-,-,-,-,-
48,Ryan McDonagh,NSH,D,35,6/13/1989,St. Paul,MN,USA,USA,73,215,2007,MTL,1,12,12
622,Ryan McLeod,EDM,C,24,9/21/1999,Mississauga,ON,CAN,CAN,74,207,2018,EDM,2,9,40
170,Ryan Nugent-Hopkins,EDM,C,31,4/12/1993,Burnaby,BC,CAN,CAN,72,195,2011,EDM,1,1,1
75,Ryan O'Reilly,NSH,C,33,2/7/1991,Clinton,ON,CAN,CAN,73,207,2009,COL,2,3,33
572,Ryan Poehling,PHI,C,25,1/3/1999,Lakeville,MN,USA,USA,74,196,2017,MTL,1,25,25
299,Ryan Pulock,NYI,D,29,10/6/1994,Dauphin,MB,CAN,CAN,74,216,2013,NYI,1,15,15
20,Ryan Reaves,TOR,R,37,1/20/1987,Winnipeg,MB,CAN,CAN,74,225,2005,STL,5,31,156
435,Ryan Shea,PIT,D,27,2/11/1997,Milton,MA,USA,USA,74,200,2015,CHI,4,30,121
173,Ryan Strome,ANA,C,30,7/11/1993,Mississauga,ON,CAN,CAN,73,191,2011,NYI,1,5,5
1,Ryan Suter,DAL,D,39,1/21/1985,Madison,WI,USA,USA,73,205,2003,NSH,1,7,7
856,Ryan Winterton,SEA,C,20,9/4/2003,Markham,ON,CAN,CAN,74,175,2021,SEA,3,3,67
864,Ryker Evans,SEA,D,22,12/13/2001,Calgary,AB,CAN,CAN,71,189,2021,SEA,2,3,35
319,Sam Bennett,FLA,C,27,6/20/1996,Holland Landing,ON,CAN,CAN,73,195,2014,CGY,1,4,4
142,Sam Carrick,"ANA, EDM",C,32,2/4/1992,Markham,ON,CAN,CAN,72,200,2010,TOR,5,24,144
789,Sam Colangelo,ANA,R,22,12/26/2001,Stoneham,MA,USA,USA,74,205,-,-,-,-,-
39,Sam Gagner,EDM,C,34,8/10/1989,London,ON,CAN,CAN,71,201,2007,EDM,1,6,6
355,Sam Lafferty,VAN,C,29,3/6/1995,Hollidaysburg,PA,USA,USA,73,195,2014,PIT,4,23,113
916,Sam Malinski,COL,D,25,7/27/1998,,,USA,,71,190,-,-,-,-,-
727,Sam Poulin,PIT,R,23,2/25/2001,Blainville,QC,CAN,CAN,73,208,2019,PIT,1,21,21
317,Sam Reinhart,FLA,C,28,11/6/1995,West Vancouver,BC,CAN,CAN,74,193,2014,BUF,1,2,2
473,Sam Steel,DAL,C,26,2/3/1998,Ardrossan,AB,CAN,CAN,71,184,2016,ANA,1,30,30
364,Sammy Blais,STL,L,27,6/17/1996,Montmagny,QC,CAN,CAN,74,206,2014,STL,6,26,176
599,Sammy Walker,MIN,C,25,6/7/1999,Edina,MN,USA,USA,70,180,2017,T.B,7,14,200
707,Samuel Bolduc,NYI,D,23,12/9/2000,Laval,QC,CAN,CAN,76,220,2019,NYI,2,26,57
687,Samuel Fagemo,"L.A, NSH",L,24,3/14/2000,Goteborg,,SWE,SWE,72,200,2019,L.A,2,19,50
491,Samuel Girard,COL,D,26,5/12/1998,Roberval,QC,CAN,CAN,70,170,2016,NSH,2,17,47
446,Samuel Laberge,N.J,L,27,4/10/1997,Chateauguay,QC,CAN,CAN,74,206,-,-,-,-,-
748,Santeri Hatakka,N.J,D,23,1/15/2001,Riihimaki,,FIN,FIN,73,191,2019,S.J,6,29,184
200,Scott Laughton,PHI,C,30,5/30/1994,Oakville,ON,CAN,CAN,73,190,2012,PHI,1,20,20
163,Scott Mayfield,NYI,D,31,10/14/1992,St. Louis,MO,USA,USA,77,220,2011,NYI,2,4,34
837,Scott Morrow,CAR,D,21,11/1/2002,,,USA,,74,195,2021,CAR,2,8,40
673,Scott Perunovich,STL,D,25,8/18/1998,Hibbing,MN,USA,USA,70,175,2018,STL,2,14,45
246,Scott Sabourin,S.J,R,31,7/30/1992,Orleans,ON,CAN,CAN,75,208,-,-,-,-,-
176,Sean Couturier,PHI,C,31,12/7/1992,Phoenix,AZ,USA,CAN,75,211,2011,PHI,1,8,8
607,Sean Durzi,ARI,D,25,10/21/1998,Mississauga,ON,CAN,CAN,72,195,2018,TOR,2,21,52
156,Sean Kuraly,CBJ,C,31,1/20/1993,Dublin,OH,USA,USA,74,213,2011,S.J,5,12,133
291,Sean Monahan,"MTL, WPG",C,29,10/12/1994,Brampton,ON,CAN,CAN,74,196,2013,CGY,1,6,6
605,Sean Walker,"COL, PHI",D,29,11/13/1994,Keswick,ON,CAN,CAN,71,195,-,-,-,-,-
392,Sebastian Aho,CAR,C,26,7/26/1997,Rauma,,FIN,FIN,72,176,2015,CAR,2,5,35
594,Sebastian Aho,NYI,D,28,2/17/1996,Umea,,SWE,SWE,70,186,2017,NYI,5,15,139
776,Seth Jarvis,CAR,C,22,2/1/2002,Winnipeg,MB,CAN,CAN,70,175,2020,CAR,1,13,13
289,Seth Jones,CHI,D,29,10/3/1994,Arlington,TX,USA,USA,76,213,2013,NSH,1,4,4
809,Shakir Mukhamadullin,S.J,D,22,1/10/2002,,,RUS,,76,178,2020,N.J,1,20,20
564,Shane Bowers,N.J,C,24,7/30/1999,Halifax,NS,CAN,CAN,74,186,2017,OTT,1,28,28
730,Shane Pinto,OTT,C,23,11/12/2000,Franklin Square,NY,USA,USA,75,201,2019,OTT,2,1,32
894,Shane Wright,SEA,C,20,1/5/2004,Burlington,ON,CAN,CAN,72,192,2022,SEA,1,4,4
218,Shayne Gostisbehere,DET,D,31,4/20/1993,Pembroke Pines,FL,USA,USA,71,180,2012,PHI,3,17,78
272,Shea Theodore,VGK,D,28,8/3/1995,Langley,BC,CAN,CAN,74,197,2013,ANA,1,26,26
615,Sheldon Rempal,VGK,R,28,8/7/1995,Calgary,AB,CAN,CAN,70,165,-,-,-,-,-
12,Sidney Crosby,PIT,C,36,8/7/1987,Cole Harbour,NS,CAN,CAN,71,200,2005,PIT,1,1,1
679,Simon Benoit,TOR,D,25,9/19/1998,Laval,QC,CAN,CAN,75,203,-,-,-,-,-
857,Simon Edvinsson,DET,D,21,2/5/2003,Kungsbacka,,SWE,SWE,78,209,2021,DET,1,6,6
734,Simon Holmstrom,NYI,R,23,5/24/2001,Tranas,,SWE,SWE,74,205,2019,NYI,1,23,23
889,Simon Nemec,N.J,D,20,2/15/2004,Liptovsky Mikulas,,SVK,SVK,73,190,2022,N.J,1,2,2
326,Sonny Milano,WSH,L,28,5/12/1996,Massapequa,NY,USA,USA,72,194,2014,CBJ,1,16,16
671,Spencer Stastney,NSH,D,24,1/4/2000,Woodbridge,IL,USA,USA,72,184,2018,NSH,5,7,131
183,Stefan Noesen,CAR,R,31,2/12/1993,Plano,TX,USA,USA,73,205,2011,OTT,1,21,21
444,Steven Lorentz,FLA,C,28,4/13/1996,Kitchener,ON,CAN,CAN,76,206,2015,CAR,7,5,186
53,Steven Stamkos,T.B,C,34,2/7/1990,Markham,ON,CAN,CAN,72,182,2008,T.B,1,1,1
16,T.J. Oshie,WSH,R,37,12/23/1986,Everett,WA,USA,USA,72,187,2005,STL,1,24,24
499,Tage Thompson,BUF,C,26,10/30/1997,Phoenix,AZ,USA,USA,78,220,2016,STL,1,26,26
522,Tanner Jeannot,T.B,L,27,5/29/1997,Estevan,SK,CAN,CAN,74,208,-,-,-,-,-
199,Tanner Pearson,MTL,L,31,8/10/1992,Kitchener,ON,CAN,CAN,73,201,2012,L.A,1,30,30
133,Taylor Hall,CHI,L,32,11/14/1991,Calgary,AB,CAN,CAN,73,210,2010,EDM,1,1,1
489,Taylor Raddysh,CHI,R,26,2/18/1998,Caledon,ON,CAN,CAN,75,198,2016,T.B,2,28,58
228,Teddy Blueger,VAN,C,29,8/15/1994,Riga,,LVA,LVA,72,185,2012,PIT,2,22,52
208,Teuvo Teravainen,CAR,L,29,9/11/1994,Helsinki,,FIN,FIN,71,191,2012,CHI,1,18,18
794,Thomas Bordeleau,S.J,C,22,1/3/2002,Houston,TX,USA,USA,70,175,2020,S.J,2,7,38
414,Thomas Chabot,OTT,D,27,1/30/1997,Sainte-Marie,QC,CAN,CAN,74,195,2015,OTT,1,18,18
724,Thomas Harley,DAL,D,22,8/19/2001,Syracuse,NY,USA,USA,75,205,2019,DAL,1,18,18
787,Tim Stützle,OTT,C,22,1/15/2002,Viersen,,DEU,DEU,72,193,2020,OTT,1,3,3
387,Timo Meier,N.J,R,27,10/8/1996,Herisau,,CHE,CHE,73,220,2015,S.J,1,9,9
568,Timothy Liljegren,TOR,D,25,4/30/1999,Kristianstad,,SWE,SWE,73,192,2017,TOR,1,17,17
66,TJ Brodie,TOR,D,34,6/7/1990,Chatham,ON,CAN,CAN,74,187,2008,CGY,4,23,114
733,Tobias Bjornfot,"FLA, L.A, VGK",D,23,4/6/2001,Upplands Vasby,,SWE,SWE,72,200,2019,L.A,1,22,22
206,Tom Wilson,WSH,R,30,3/29/1994,Toronto,ON,CAN,CAN,76,220,2012,WSH,1,16,16
207,Tomas Hertl,"S.J, VGK",C,30,11/12/1993,Praha,,CZE,CZE,75,215,2012,S.J,1,17,17
315,Tomas Nosek,N.J,L,31,9/1/1992,Pardubice,,CZE,CZE,75,205,-,-,-,-,-
90,Tomas Tatar,"COL, SEA",L,33,12/1/1990,Ilava,,SVK,SVK,70,173,2009,DET,2,30,60
396,Tommy Novak,NSH,C,27,4/28/1997,St. Paul,MN,USA,USA,73,179,2015,NSH,3,24,85
329,Tony DeAngelo,CAR,D,28,10/24/1995,Sewell,NJ,USA,USA,71,180,2014,T.B,1,19,19
190,Torey Krug,STL,D,33,4/12/1991,Livonia,MI,USA,USA,69,194,-,-,-,-,-
152,Travis Boyd,ARI,C,30,9/14/1993,Hopkins,MN,USA,USA,72,190,2011,WSH,6,26,177
384,Travis Dermott,ARI,D,27,12/22/1996,Newmarket,ON,CAN,CAN,72,202,2015,TOR,2,4,34
63,Travis Hamonic,OTT,D,33,8/16/1990,St. Malo,MB,CAN,CAN,73,200,2008,NYI,2,23,53
397,Travis Konecny,PHI,R,27,3/11/1997,London,ON,CAN,CAN,70,175,2015,PHI,1,24,24
327,Travis Sanheim,PHI,D,28,3/29/1996,Elkhorn,MB,CAN,CAN,75,181,2014,PHI,1,17,17
477,Trent Frederic,BOS,C,26,2/11/1998,St. Louis,MO,USA,USA,75,214,2016,BOS,1,29,29
25,Trevor Lewis,L.A,C,37,1/8/1987,Salt Lake City,UT,USA,USA,73,201,2006,L.A,1,17,17
524,Trevor Moore,L.A,L,29,3/31/1995,Thousand Oaks,CA,USA,USA,70,195,-,-,-,-,-
308,Trevor van Riemsdyk,WSH,D,32,7/24/1991,Middletown,NJ,USA,USA,75,191,-,-,-,-,-
702,Trevor Zegras,ANA,C,23,3/20/2001,Bedford,NY,USA,USA,72,185,2019,ANA,1,9,9
608,Trey Fix-Wolansky,CBJ,R,25,5/26/1999,Edmonton,AB,CAN,CAN,67,191,2018,CBJ,7,18,204
884,Tristan Luneau,ANA,D,20,1/12/2004,,,CAN,,73,195,2022,ANA,2,21,53
504,Troy Stecher,"ARI, EDM",D,30,4/7/1994,Richmond,BC,CAN,CAN,70,184,-,-,-,-,-
439,Troy Terry,ANA,R,26,9/10/1997,Denver,CO,USA,USA,72,185,2015,ANA,5,27,148
638,Ty Dellandrea,DAL,C,23,7/21/2000,Toronto,ON,CAN,CAN,73,195,2018,DAL,1,13,13
632,Ty Emberson,S.J,D,24,5/23/2000,Eau Claire,WI,USA,USA,73,195,2018,ARI,3,11,73
759,Tye Kartye,SEA,L,23,4/30/2001,Kingston,ON,CAN,CAN,71,202,-,-,-,-,-
746,Tyler Angle,CBJ,C,23,9/30/2000,Niagara Falls,ON,CAN,CAN,70,166,2019,CBJ,7,26,212
283,Tyler Bertuzzi,TOR,L,29,2/24/1995,Sudbury,ON,CAN,CAN,73,186,2013,DET,2,28,58
71,Tyler Johnson,CHI,C,33,7/29/1990,Spokane,WA,USA,USA,68,185,-,-,-,-,-
778,Tyler Kleven,OTT,D,22,1/10/2002,Fargo,ND,USA,USA,76,200,2020,OTT,2,13,44
253,Tyler Motte,T.B,C,29,3/10/1995,St. Clair,MI,USA,USA,70,192,2013,CHI,4,30,121
57,Tyler Myers,VAN,D,34,2/1/1990,Houston,TX,USA,CAN,80,229,2008,BUF,1,12,12
118,Tyler Pitlick,NYR,C,32,11/1/1991,Minneapolis,MN,USA,USA,74,200,2010,EDM,2,1,31
135,Tyler Seguin,DAL,C,32,1/31/1992,Brampton,ON,CAN,CAN,73,205,2010,BOS,1,2,2
114,Tyler Toffoli,"N.J, WPG","C, R",32,4/24/1992,Scarborough,ON,CAN,CAN,72,203,2010,L.A,2,17,47
661,Tyler Tucker,STL,D,24,3/1/2000,Thunder Bay,ON,CAN,CAN,73,204,2018,STL,7,14,200
91,Tyson Barrie,NSH,D,32,7/26/1991,Victoria,BC,CAN,CAN,71,197,2009,COL,3,3,64
806,Tyson Foerster,PHI,R,22,1/18/2002,Alliston,ON,CAN,CAN,74,194,2020,PHI,1,23,23
481,Tyson Jost,BUF,C,26,3/14/1998,St. Albert,AB,CAN,CAN,71,187,2016,COL,1,10,10
547,Urho Vaakanainen,ANA,D,25,1/1/1999,Joensuu,,FIN,FIN,74,200,2017,BOS,1,18,18
919,Uvis Balinskis,FLA,D,27,8/1/1996,Ventspils,,Lat,,72,196,-,-,-,-,-
295,Valeri Nichushkin,COL,R,29,3/4/1995,Chelyabinsk,,RUS,RUS,76,210,2013,DAL,1,10,10
749,Valtteri Puustinen,PIT,R,25,6/4/1999,Kuopio,,FIN,FIN,69,183,2019,PIT,7,17,203
739,Vasily Podkolzin,VAN,R,22,6/24/2001,Moscow,,RUS,RUS,73,190,2019,VAN,1,10,10
781,Vasily Ponomarev,CAR,C,22,3/13/2002,Moscow,,RUS,RUS,70,180,2020,CAR,2,22,53
78,Victor Hedman,T.B,D,33,12/18/1990,Ornskoldsvik,,SWE,SWE,79,244,2009,T.B,1,2,2
484,Victor Mete,PHI,D,26,6/7/1998,Woodbridge,ON,CAN,CAN,69,187,2016,MTL,4,9,100
365,Victor Olofsson,BUF,L,28,7/18/1995,Ornskoldsvik,,SWE,SWE,71,181,2014,BUF,7,1,181
732,Victor Soderstrom,ARI,D,23,2/26/2001,Gavle,,SWE,SWE,71,184,2019,ARI,1,11,11
354,Viktor Arvidsson,L.A,R,31,4/8/1993,Skellefteå,,SWE,SWE,70,185,2014,NSH,4,22,112
383,Vince Dunn,SEA,D,27,10/29/1996,Mississauga,ON,CAN,CAN,72,200,2015,STL,2,26,56
516,Vincent Desharnais,EDM,D,28,5/29/1996,Laval,QC,CAN,CAN,78,215,2016,EDM,7,2,183
866,Vincent Iorio,WSH,D,21,11/14/2002,Coquitlam,BC,CAN,CAN,76,200,2021,WSH,2,23,55
157,Vincent Trocheck,NYR,C,30,7/11/1993,Pittsburgh,PA,USA,USA,71,184,2011,FLA,3,3,64
529,Vinni Lettieri,MIN,C,29,2/6/1995,Excelsior,MN,USA,USA,70,184,-,-,-,-,-
238,Vinnie Hinostroza,PIT,C,30,4/3/1994,Chicago,IL,USA,USA,70,183,2012,CHI,6,18,169
126,Vladimir Tarasenko,"FLA, OTT",R,32,12/13/1991,Yaroslavl,,RUS,RUS,73,228,2010,STL,1,16,16
442,Vladislav Gavrikov,L.A,D,28,11/21/1995,Yaroslavl,,RUS,RUS,75,221,2015,CBJ,6,8,159
738,Vladislav Kolyachonok,ARI,D,23,5/26/2001,Minsk,,BLR,BLR,73,193,2019,FLA,2,21,52
185,Vladislav Namestnikov,WPG,C,31,11/22/1992,Zhukovskiy,,RUS,RUS,72,179,2011,T.B,1,27,27
832,Walker Duehr,CGY,R,26,11/23/1997,Sioux Falls,SD,USA,USA,74,210,-,-,-,-,-
922,Waltteri Merela,T.B,C,25,7/6/1998,,,FIN,,75,210,-,-,-,-,-
345,Warren Foegele,EDM,L,28,4/1/1996,Markham,ON,CAN,CAN,74,198,2014,CAR,3,7,67
433,Will Borgen,SEA,D,27,12/19/1996,Moorhead,MN,USA,USA,75,204,2015,BUF,4,1,92
805,Will Cuylle,NYR,L,22,2/5/2002,Toronto,ON,CAN,CAN,75,211,2020,NYR,2,29,60
282,William Carrier,VGK,L,29,12/20/1994,LaSalle,QC,CAN,CAN,74,218,2013,STL,2,27,57
838,William Eklund,S.J,L,21,10/12/2002,Stockholm,,SWE,SWE,71,181,2021,S.J,1,7,7
168,William Karlsson,VGK,C,31,1/8/1993,Marsta,,SWE,SWE,72,190,2011,ANA,2,23,53
351,William Lagesson,"ANA, TOR",D,28,2/22/1996,Gothenburg,,SWE,SWE,74,207,2014,EDM,4,1,91
478,William Lockwood,FLA,R,25,6/20/1998,Royal Oak,MI,USA,USA,71,172,2016,VAN,3,3,64
321,William Nylander,TOR,R,28,5/1/1996,Calgary,AB,CAN,SWE,72,204,2014,TOR,1,8,8
851,Wyatt Johnston,DAL,C,21,5/14/2003,Toronto,ON,CAN,CAN,73,185,2021,DAL,1,23,23
812,Wyatt Kaiser,CHI,D,21,7/31/2002,Andover,MN,USA,USA,72,173,2020,CHI,3,19,81
425,Yakov Trenin,"COL, NSH",C,27,1/13/1997,Chelyabinsk,,RUS,RUS,74,201,2015,NSH,2,25,55
808,Yan Kuznetsov,CGY,D,22,3/9/2002,Murmansk,,RUS,RUS,76,209,2020,CGY,2,19,50
192,Yanni Gourde,SEA,C,32,12/15/1991,Saint-Narcisse,QC,CAN,CAN,69,174,-,-,-,-,-
825,Yegor Chinakhov,CBJ,R,23,2/1/2001,Omsk,,RUS,RUS,73,204,2020,CBJ,1,21,21
675,Yegor Sharangovich,CGY,C,26,6/6/1998,Minsk,,BLR,BLR,74,196,2018,N.J,5,17,141
751,Zac Jones,NYR,D,23,10/18/2000,Richmond,VA,USA,USA,70,178,2019,NYR,3,6,68
528,Zach Aston-Reese,DET,C,29,8/10/1994,Staten Island,NY,USA,USA,73,205,-,-,-,-,-
909,Zach Benson,BUF,L,19,5/12/2005,,,CAN,,69,163,2023,BUF,1,13,13
55,Zach Bogosian,"MIN, T.B",D,33,7/15/1990,Massena,NY,USA,USA,74,222,2008,ATL,1,3,3
859,Zach Dean,STL,C,21,1/4/2003,Grande Prairie,AB,CAN,CAN,72,176,-,-,-,-,-
131,Zach Hyman,EDM,L,32,6/9/1992,Toronto,ON,CAN,CAN,73,211,2010,FLA,5,3,123
3,Zach Parise,COL,L,39,7/28/1984,Minneapolis,MN,USA,USA,71,195,2003,N.J,1,17,17
284,Zach Sanford,"ARI, CHI",L,29,11/9/1994,Salem,MA,USA,USA,76,206,2013,WSH,2,31,61
409,Zach Werenski,CBJ,D,26,7/19/1997,Grosse Pointe,MI,USA,USA,74,213,2015,CBJ,1,8,8
612,Zach Whitecloud,VGK,D,27,11/28/1996,Brandon,MB,CAN,CAN,74,207,-,-,-,-,-
850,Zack Bolduc,STL,C,21,2/24/2003,Trois-Rivières,QC,CAN,CAN,72,187,2021,STL,1,17,17
526,Zack MacEwen,OTT,R,27,7/8/1996,Charlottetown,PE,CAN,CAN,75,205,-,-,-,-,-
865,Zack Ostapchuk,OTT,C,21,5/29/2003,St. Albert,AB,CAN,CAN,75,205,2021,OTT,2,7,39
204,Zemgus Girgensons,BUF,L,30,1/5/1994,Riga,,LVA,LVA,74,200,2012,BUF,1,14,14
