team_id,team_name,tri_code,player_id,headshot,player_name,sweaterNumber,positionCode
1,New Jersey Devils,NJD,8479414.0,https://assets.nhle.com/mugs/nhl/20232024/NJD/8479414.png,Nathan Bastian,14,R
1,New Jersey Devils,NJD,8479407.0,https://assets.nhle.com/mugs/nhl/20232024/NJD/8479407.png,Jesper Bratt,63,L
1,New Jersey Devils,NJD,8481518.0,https://assets.nhle.com/mugs/nhl/20232024/NJD/8481518.png,Erik Haula,29,L
1,New Jersey Devils,NJD,8475287.0,https://assets.nhle.com/mugs/nhl/20232024/NJD/8475287.png,Nico Hischier,56,L
1,New Jersey Devils,NJD,8480002.0,https://assets.nhle.com/mugs/nhl/20232024/NJD/8480002.png,Jack Hughes,13,C
1,New Jersey Devils,NJD,8481559.0,https://assets.nhle.com/mugs/nhl/20232024/NJD/8481559.png,Curtis Lazar,86,C
1,New Jersey Devils,NJD,8477508.0,https://assets.nhle.com/mugs/nhl/20232024/NJD/8477508.png,Kurtis MacDermid,42,C
1,New Jersey Devils,NJD,8477073.0,https://assets.nhle.com/mugs/nhl/20232024/NJD/8477073.png,Timo Meier,23,L
1,New Jersey Devils,NJD,8478414.0,https://assets.nhle.com/mugs/nhl/20232024/NJD/8478414.png,Dawson Mercer,28,R
1,New Jersey Devils,NJD,8482110.0,https://assets.nhle.com/mugs/nhl/20232024/NJD/8482110.png,Ondrej Palat,91,C
1,New Jersey Devils,NJD,8480084.0,https://assets.nhle.com/mugs/nhl/20232024/NJD/8480084.png,Nick DeSimone,57,D
1,New Jersey Devils,NJD,8476462.0,https://assets.nhle.com/mugs/nhl/20232024/NJD/8476462.png,Dougie Hamilton,7,D
1,New Jersey Devils,NJD,8482684.0,https://assets.nhle.com/mugs/nhl/20232024/NJD/8482684.png,Luke Hughes,43,D
1,New Jersey Devils,NJD,8483495.0,https://assets.nhle.com/mugs/nhl/20232024/NJD/8483495.png,Jonas Siegenthaler,17,D
1,New Jersey Devils,NJD,8474596.0,https://assets.nhle.com/mugs/nhl/20232024/NJD/8474596.png,Jake Allen,34,G
1,New Jersey Devils,NJD,8474593.0,https://assets.nhle.com/mugs/nhl/20232024/NJD/8474593.png,Jacob Markstrom,25,G
2,New York Islanders,NYI,8478445.0,https://assets.nhle.com/mugs/nhl/20232024/NYI/8478445.png,Mathew Barzal,13,C
2,New York Islanders,NYI,8475231.0,https://assets.nhle.com/mugs/nhl/20232024/NYI/8475231.png,Casey Cizikas,53,C
2,New York Islanders,NYI,8478115.0,https://assets.nhle.com/mugs/nhl/20232024/NYI/8478115.png,Pierre Engvall,18,L
2,New York Islanders,NYI,8477392.0,https://assets.nhle.com/mugs/nhl/20232024/NYI/8477392.png,Hudson Fasching,20,R
2,New York Islanders,NYI,8479328.0,https://assets.nhle.com/mugs/nhl/20232024/NYI/8479328.png,Julien Gauthier,16,R
2,New York Islanders,NYI,8481601.0,https://assets.nhle.com/mugs/nhl/20232024/NYI/8481601.png,Simon Holmstrom,10,R
2,New York Islanders,NYI,8477500.0,https://assets.nhle.com/mugs/nhl/20232024/NYI/8477500.png,Bo Horvat,14,C
2,New York Islanders,NYI,8481016.0,https://assets.nhle.com/mugs/nhl/20232024/NYI/8481016.png,Ruslan Iskhakov,37,C
2,New York Islanders,NYI,8475314.0,https://assets.nhle.com/mugs/nhl/20232024/NYI/8475314.png,Anders Lee,27,L
2,New York Islanders,NYI,8481237.0,https://assets.nhle.com/mugs/nhl/20232024/NYI/8481237.png,Kyle MacLean,32,C
2,New York Islanders,NYI,8475754.0,https://assets.nhle.com/mugs/nhl/20232024/NYI/8475754.png,Brock Nelson,29,C
2,New York Islanders,NYI,8476419.0,https://assets.nhle.com/mugs/nhl/20232024/NYI/8476419.png,Jean-Gabriel Pageau,44,C
2,New York Islanders,NYI,8475151.0,https://assets.nhle.com/mugs/nhl/20232024/NYI/8475151.png,Kyle Palmieri,21,C
2,New York Islanders,NYI,8480789.0,https://assets.nhle.com/mugs/nhl/20232024/NYI/8480789.png,Oliver Wahlstrom,26,R
2,New York Islanders,NYI,8481541.0,https://assets.nhle.com/mugs/nhl/20232024/NYI/8481541.png,Samuel Bolduc,4,D
2,New York Islanders,NYI,8479395.0,https://assets.nhle.com/mugs/nhl/20232024/NYI/8479395.png,Dennis Cholowski,7,D
2,New York Islanders,NYI,8480865.0,https://assets.nhle.com/mugs/nhl/20232024/NYI/8480865.png,Noah Dobson,8,D
2,New York Islanders,NYI,8476429.0,https://assets.nhle.com/mugs/nhl/20232024/NYI/8476429.png,Scott Mayfield,24,D
2,New York Islanders,NYI,8476917.0,https://assets.nhle.com/mugs/nhl/20232024/NYI/8476917.png,Adam Pelech,3,D
2,New York Islanders,NYI,8477506.0,https://assets.nhle.com/mugs/nhl/20232024/NYI/8477506.png,Ryan Pulock,6,D
2,New York Islanders,NYI,8481014.0,https://assets.nhle.com/mugs/nhl/20232024/NYI/8481014.png,Alexander Romanov,28,D
2,New York Islanders,NYI,8480819.0,https://assets.nhle.com/mugs/nhl/20232024/NYI/8480819.png,Jakub Skarek,1,G
2,New York Islanders,NYI,8478009.0,https://assets.nhle.com/mugs/nhl/20232024/NYI/8478009.png,Ilya Sorokin,30,G
2,New York Islanders,NYI,8473575.0,https://assets.nhle.com/mugs/nhl/20232024/NYI/8473575.png,Semyon Varlamov,40,G
3,New York Rangers,NYR,8475968.0,https://assets.nhle.com/mugs/nhl/20232024/NYR/8475968.png,Alex Belzile,60,R
3,New York Rangers,NYR,8482132.0,https://assets.nhle.com/mugs/nhl/20232024/NYR/8482132.png,Brett Berard,65,L
3,New York Rangers,NYR,8477320.0,https://assets.nhle.com/mugs/nhl/20232024/NYR/8477320.png,Anton Blidh,25,L
3,New York Rangers,NYR,8477380.0,https://assets.nhle.com/mugs/nhl/20232024/NYR/8477380.png,Jonny Brodzinski,22,C
3,New York Rangers,NYR,8480078.0,https://assets.nhle.com/mugs/nhl/20232024/NYR/8480078.png,Filip Chytil,72,C
3,New York Rangers,NYR,8482157.0,https://assets.nhle.com/mugs/nhl/20232024/NYR/8482157.png,Will Cuylle,50,L
3,New York Rangers,NYR,8481726.0,https://assets.nhle.com/mugs/nhl/20232024/NYR/8481726.png,Adam Edstrom,84,C
3,New York Rangers,NYR,8481554.0,https://assets.nhle.com/mugs/nhl/20232024/NYR/8481554.png,Kaapo Kakko,24,R
3,New York Rangers,NYR,8475184.0,https://assets.nhle.com/mugs/nhl/20232024/NYR/8475184.png,Chris Kreider,20,L
3,New York Rangers,NYR,8482109.0,https://assets.nhle.com/mugs/nhl/20232024/NYR/8482109.png,Alexis Lafrenière,13,L
3,New York Rangers,NYR,8479991.0,https://assets.nhle.com/mugs/nhl/20232024/NYR/8479991.png,Jake Leschyshyn,15,C
3,New York Rangers,NYR,8482747.0,https://assets.nhle.com/mugs/nhl/20232024/NYR/8482747.png,Brennan Othmann,78,L
3,New York Rangers,NYR,8478550.0,https://assets.nhle.com/mugs/nhl/20232024/NYR/8478550.png,Artemi Panarin,10,L
3,New York Rangers,NYR,8482460.0,https://assets.nhle.com/mugs/nhl/20232024/NYR/8482460.png,Matt Rempe,73,C
3,New York Rangers,NYR,8483669.0,https://assets.nhle.com/mugs/nhl/20232024/NYR/8483669.png,Adam Sykora,38,L
3,New York Rangers,NYR,8476389.0,https://assets.nhle.com/mugs/nhl/20232024/NYR/8476389.png,Vincent Trocheck,16,C
3,New York Rangers,NYR,8476918.0,https://assets.nhle.com/mugs/nhl/20232024/NYR/8476918.png,Jimmy Vesey,26,L
3,New York Rangers,NYR,8476459.0,https://assets.nhle.com/mugs/nhl/20232024/NYR/8476459.png,Mika Zibanejad,93,C
3,New York Rangers,NYR,8479323.0,https://assets.nhle.com/mugs/nhl/20232024/NYR/8479323.png,Adam Fox,23,D
3,New York Rangers,NYR,8477433.0,https://assets.nhle.com/mugs/nhl/20232024/NYR/8477433.png,Ben Harpur,5,D
3,New York Rangers,NYR,8481708.0,https://assets.nhle.com/mugs/nhl/20232024/NYR/8481708.png,Zac Jones,6,D
3,New York Rangers,NYR,8479324.0,https://assets.nhle.com/mugs/nhl/20232024/NYR/8479324.png,Ryan Lindgren,55,D
3,New York Rangers,NYR,8482067.0,https://assets.nhle.com/mugs/nhl/20232024/NYR/8482067.png,Connor Mackey,14,D
3,New York Rangers,NYR,8480817.0,https://assets.nhle.com/mugs/nhl/20232024/NYR/8480817.png,K'Andre Miller,79,D
3,New York Rangers,NYR,8481525.0,https://assets.nhle.com/mugs/nhl/20232024/NYR/8481525.png,Matthew Robertson,44,D
3,New York Rangers,NYR,8483407.0,https://assets.nhle.com/mugs/nhl/20232024/NYR/8483407.png,Brandon Scanlin,58,D
3,New York Rangers,NYR,8482073.0,https://assets.nhle.com/mugs/nhl/20232024/NYR/8482073.png,Braden Schneider,4,D
3,New York Rangers,NYR,8476885.0,https://assets.nhle.com/mugs/nhl/20232024/NYR/8476885.png,Jacob Trouba,8,D
3,New York Rangers,NYR,8475839.0,https://assets.nhle.com/mugs/nhl/20232024/NYR/8475839.png,Louis Domingue,70,G
3,New York Rangers,NYR,8482193.0,https://assets.nhle.com/mugs/nhl/20232024/NYR/8482193.png,Dylan Garand,33,G
3,New York Rangers,NYR,8471734.0,https://assets.nhle.com/mugs/nhl/20232024/NYR/8471734.png,Jonathan Quick,32,G
3,New York Rangers,NYR,8478048.0,https://assets.nhle.com/mugs/nhl/20232024/NYR/8478048.png,Igor Shesterkin,31,G
4,Philadelphia Flyers,PHI,8480220.0,https://assets.nhle.com/mugs/nhl/20232024/PHI/8480220.png,Noah Cates,27,L
4,Philadelphia Flyers,PHI,8476461.0,https://assets.nhle.com/mugs/nhl/20232024/PHI/8476461.png,Sean Couturier,14,C
4,Philadelphia Flyers,PHI,8475235.0,https://assets.nhle.com/mugs/nhl/20232024/PHI/8475235.png,Nicolas Deslauriers,44,L
4,Philadelphia Flyers,PHI,8480797.0,https://assets.nhle.com/mugs/nhl/20232024/PHI/8480797.png,Joel Farabee,86,L
4,Philadelphia Flyers,PHI,8482159.0,https://assets.nhle.com/mugs/nhl/20232024/PHI/8482159.png,Tyson Foerster,71,R
4,Philadelphia Flyers,PHI,8480028.0,https://assets.nhle.com/mugs/nhl/20232024/PHI/8480028.png,Morgan Frost,48,C
4,Philadelphia Flyers,PHI,8477903.0,https://assets.nhle.com/mugs/nhl/20232024/PHI/8477903.png,Garnet Hathaway,19,R
4,Philadelphia Flyers,PHI,8478439.0,https://assets.nhle.com/mugs/nhl/20232024/PHI/8478439.png,Scott Laughton,11,R
4,Philadelphia Flyers,PHI,8476872.0,https://assets.nhle.com/mugs/nhl/20232024/PHI/8476872.png,Ryan Poehling,21,C
4,Philadelphia Flyers,PHI,8480068.0,https://assets.nhle.com/mugs/nhl/20232024/PHI/8480068.png,Owen Tippett,25,C
4,Philadelphia Flyers,PHI,8482142.0,https://assets.nhle.com/mugs/nhl/20232024/PHI/8482142.png,Jamie Drysdale,9,D
4,Philadelphia Flyers,PHI,8475176.0,https://assets.nhle.com/mugs/nhl/20232024/PHI/8475176.png,Ryan Ellis,94,D
4,Philadelphia Flyers,PHI,8477499.0,https://assets.nhle.com/mugs/nhl/20232024/PHI/8477499.png,Rasmus Ristolainen,55,D
4,Philadelphia Flyers,PHI,8477948.0,https://assets.nhle.com/mugs/nhl/20232024/PHI/8477948.png,Travis Sanheim,6,D
4,Philadelphia Flyers,PHI,8476372.0,https://assets.nhle.com/mugs/nhl/20232024/PHI/8476372.png,Nick Seeler,24,D
4,Philadelphia Flyers,PHI,8481546.0,https://assets.nhle.com/mugs/nhl/20232024/PHI/8481546.png,Cam York,8,D
4,Philadelphia Flyers,PHI,8481178.0,https://assets.nhle.com/mugs/nhl/20232024/PHI/8481178.png,Egor Zamula,5,D
4,Philadelphia Flyers,PHI,8481035.0,https://assets.nhle.com/mugs/nhl/20232024/PHI/8481035.png,Samuel Ersson,33,G
4,Philadelphia Flyers,PHI,8478905.0,https://assets.nhle.com/mugs/nhl/20232024/PHI/8478905.png,Ivan Fedotov,82,G
5,Pittsburgh Penguins,PIT,8478569.0,https://assets.nhle.com/mugs/nhl/20232024/PIT/8478569.png,Noel Acciari,55,C
5,Pittsburgh Penguins,PIT,8478047.0,https://assets.nhle.com/mugs/nhl/20232024/PIT/8478047.png,Michael Bunting,8,L
5,Pittsburgh Penguins,PIT,8471675.0,https://assets.nhle.com/mugs/nhl/20232024/PIT/8471675.png,Sidney Crosby,87,C
5,Pittsburgh Penguins,PIT,8474189.0,https://assets.nhle.com/mugs/nhl/20232024/PIT/8474189.png,Lars Eller,20,C
5,Pittsburgh Penguins,PIT,8471215.0,https://assets.nhle.com/mugs/nhl/20232024/PIT/8471215.png,Matt Nieto,71,C
5,Pittsburgh Penguins,PIT,8476442.0,https://assets.nhle.com/mugs/nhl/20232024/PIT/8476442.png,Drew O'Connor,83,L
5,Pittsburgh Penguins,PIT,8482055.0,https://assets.nhle.com/mugs/nhl/20232024/PIT/8482055.png,Jesse Puljujarvi,10,L
5,Pittsburgh Penguins,PIT,8479344.0,https://assets.nhle.com/mugs/nhl/20232024/PIT/8479344.png,Rickard Rakell,18,R
5,Pittsburgh Penguins,PIT,8476483.0,https://assets.nhle.com/mugs/nhl/20232024/PIT/8476483.png,Bryan Rust,67,R
5,Pittsburgh Penguins,PIT,8475810.0,https://assets.nhle.com/mugs/nhl/20232024/PIT/8475810.png,Reilly Smith,17,R
5,Pittsburgh Penguins,PIT,8477435.0,https://assets.nhle.com/mugs/nhl/20232024/PIT/8477435.png,Ryan Graves,27,D
5,Pittsburgh Penguins,PIT,8474578.0,https://assets.nhle.com/mugs/nhl/20232024/PIT/8474578.png,Erik Karlsson,65,D
5,Pittsburgh Penguins,PIT,8471724.0,https://assets.nhle.com/mugs/nhl/20232024/PIT/8471724.png,Kris Letang,58,D
5,Pittsburgh Penguins,PIT,8481206.0,https://assets.nhle.com/mugs/nhl/20232024/PIT/8481206.png,John Ludvig,7,D
5,Pittsburgh Penguins,PIT,8477969.0,https://assets.nhle.com/mugs/nhl/20232024/PIT/8477969.png,Marcus Pettersson,28,D
5,Pittsburgh Penguins,PIT,8477465.0,https://assets.nhle.com/mugs/nhl/20232024/PIT/8477465.png,Tristan Jarry,35,G
5,Pittsburgh Penguins,PIT,8477968.0,https://assets.nhle.com/mugs/nhl/20232024/PIT/8477968.png,Alex Nedeljkovic,39,G
6,Boston Bruins,BOS,8481556.0,https://assets.nhle.com/mugs/nhl/20232024/BOS/8481556.png,John Beecher,19,C
6,Boston Bruins,BOS,8479638.0,https://assets.nhle.com/mugs/nhl/20232024/BOS/8479638.png,Justin Brazeau,55,R
6,Boston Bruins,BOS,8477887.0,https://assets.nhle.com/mugs/nhl/20232024/BOS/8477887.png,Patrick Brown,38,C
6,Boston Bruins,BOS,8475745.0,https://assets.nhle.com/mugs/nhl/20232024/BOS/8475745.png,Charlie Coyle,13,C
6,Boston Bruins,BOS,8479365.0,https://assets.nhle.com/mugs/nhl/20232024/BOS/8479365.png,Trent Frederic,11,C
6,Boston Bruins,BOS,8479987.0,https://assets.nhle.com/mugs/nhl/20232024/BOS/8479987.png,Morgan Geekie,39,C
6,Boston Bruins,BOS,8482479.0,https://assets.nhle.com/mugs/nhl/20232024/BOS/8482479.png,Vinni Lettieri,52,C
6,Boston Bruins,BOS,8479968.0,https://assets.nhle.com/mugs/nhl/20232024/BOS/8479968.png,Brad Marchand,95,C
6,Boston Bruins,BOS,8473419.0,https://assets.nhle.com/mugs/nhl/20232024/BOS/8473419.png,Marc McLaughlin,63,L
6,Boston Bruins,BOS,8483397.0,https://assets.nhle.com/mugs/nhl/20232024/BOS/8483397.png,Georgii Merkulov,26,C
6,Boston Bruins,BOS,8483567.0,https://assets.nhle.com/mugs/nhl/20232024/BOS/8483567.png,David Pastrnak,42,C
6,Boston Bruins,BOS,8477956.0,https://assets.nhle.com/mugs/nhl/20232024/BOS/8477956.png,Matthew Poitras,88,R
6,Boston Bruins,BOS,8483505.0,https://assets.nhle.com/mugs/nhl/20232024/BOS/8483505.png,Pavel Zacha,51,C
6,Boston Bruins,BOS,8480828.0,https://assets.nhle.com/mugs/nhl/20232024/BOS/8480828.png,Michael Callahan,79,D
6,Boston Bruins,BOS,8478443.0,https://assets.nhle.com/mugs/nhl/20232024/BOS/8478443.png,Brandon Carlo,25,D
6,Boston Bruins,BOS,8476854.0,https://assets.nhle.com/mugs/nhl/20232024/BOS/8476854.png,Hampus Lindholm,27,D
6,Boston Bruins,BOS,8482511.0,https://assets.nhle.com/mugs/nhl/20232024/BOS/8482511.png,Mason Lohrei,6,D
6,Boston Bruins,BOS,8479325.0,https://assets.nhle.com/mugs/nhl/20232024/BOS/8479325.png,Charlie McAvoy,73,D
6,Boston Bruins,BOS,8480070.0,https://assets.nhle.com/mugs/nhl/20232024/BOS/8480070.png,Ian Mitchell,14,D
6,Boston Bruins,BOS,8479369.0,https://assets.nhle.com/mugs/nhl/20232024/BOS/8479369.png,Andrew Peeke,52,D
6,Boston Bruins,BOS,8478450.0,https://assets.nhle.com/mugs/nhl/20232024/BOS/8478450.png,Parker Wotherspoon,29,D
6,Boston Bruins,BOS,8483548.0,https://assets.nhle.com/mugs/nhl/20232024/BOS/8483548.png,Brandon Bussi,30,G
6,Boston Bruins,BOS,8480022.0,https://assets.nhle.com/mugs/nhl/20232024/BOS/8480022.png,Michael DiPietro,80,G
7,Buffalo Sabres,BUF,8484145.0,https://assets.nhle.com/mugs/nhl/20232024/BUF/8484145.png,Zach Benson,9,L
7,Buffalo Sabres,BUF,8481528.0,https://assets.nhle.com/mugs/nhl/20232024/BUF/8481528.png,Dylan Cozens,24,C
7,Buffalo Sabres,BUF,8478413.0,https://assets.nhle.com/mugs/nhl/20232024/BUF/8478413.png,Jordan Greenway,12,L
7,Buffalo Sabres,BUF,8481522.0,https://assets.nhle.com/mugs/nhl/20232024/BUF/8481522.png,Peyton Krebs,19,C
7,Buffalo Sabres,BUF,8482175.0,https://assets.nhle.com/mugs/nhl/20232024/BUF/8482175.png,Jack Quinn,77,R
7,Buffalo Sabres,BUF,8482097.0,https://assets.nhle.com/mugs/nhl/20232024/BUF/8482097.png,Tage Thompson,22,R
7,Buffalo Sabres,BUF,8479420.0,https://assets.nhle.com/mugs/nhl/20232024/BUF/8479420.png,Alex Tuch,72,C
7,Buffalo Sabres,BUF,8481524.0,https://assets.nhle.com/mugs/nhl/20232024/BUF/8481524.png,Bowen Byram,4,D
7,Buffalo Sabres,BUF,8479348.0,https://assets.nhle.com/mugs/nhl/20232024/BUF/8479348.png,Kale Clague,38,D
7,Buffalo Sabres,BUF,8477365.0,https://assets.nhle.com/mugs/nhl/20232024/BUF/8477365.png,Connor Clifton,75,D
7,Buffalo Sabres,BUF,8480839.0,https://assets.nhle.com/mugs/nhl/20232024/BUF/8480839.png,Rasmus Dahlin,26,D
7,Buffalo Sabres,BUF,8480035.0,https://assets.nhle.com/mugs/nhl/20232024/BUF/8480035.png,Henri Jokiharju,10,D
7,Buffalo Sabres,BUF,8482671.0,https://assets.nhle.com/mugs/nhl/20232024/BUF/8482671.png,Owen Power,25,D
7,Buffalo Sabres,BUF,8480807.0,https://assets.nhle.com/mugs/nhl/20232024/BUF/8480807.png,Mattias Samuelsson,23,D
7,Buffalo Sabres,BUF,8480045.0,https://assets.nhle.com/mugs/nhl/20232024/BUF/8480045.png,Ukko-Pekka Luukkonen,1,G
8,Montréal Canadiens,MTL,8476981.0,https://assets.nhle.com/mugs/nhl/20232024/MTL/8476981.png,Josh Anderson,17,R
8,Montréal Canadiens,MTL,8476469.0,https://assets.nhle.com/mugs/nhl/20232024/MTL/8476469.png,Joel Armia,40,R
8,Montréal Canadiens,MTL,8481540.0,https://assets.nhle.com/mugs/nhl/20232024/MTL/8481540.png,Cole Caufield,22,R
8,Montréal Canadiens,MTL,8481523.0,https://assets.nhle.com/mugs/nhl/20232024/MTL/8481523.png,Kirby Dach,77,C
8,Montréal Canadiens,MTL,8477989.0,https://assets.nhle.com/mugs/nhl/20232024/MTL/8477989.png,Christian Dvorak,28,C
8,Montréal Canadiens,MTL,8478133.0,https://assets.nhle.com/mugs/nhl/20232024/MTL/8478133.png,Jake Evans,71,C
8,Montréal Canadiens,MTL,8475848.0,https://assets.nhle.com/mugs/nhl/20232024/MTL/8475848.png,Brendan Gallagher,11,R
8,Montréal Canadiens,MTL,8481093.0,https://assets.nhle.com/mugs/nhl/20232024/MTL/8481093.png,Rafael Harvey-Pinard,49,L
8,Montréal Canadiens,MTL,8481618.0,https://assets.nhle.com/mugs/nhl/20232024/MTL/8481618.png,Alex Newhook,15,C
8,Montréal Canadiens,MTL,8479543.0,https://assets.nhle.com/mugs/nhl/20232024/MTL/8479543.png,Michael Pezzetta,55,L
8,Montréal Canadiens,MTL,8483515.0,https://assets.nhle.com/mugs/nhl/20232024/MTL/8483515.png,Juraj Slafkovsky,20,L
8,Montréal Canadiens,MTL,8480018.0,https://assets.nhle.com/mugs/nhl/20232024/MTL/8480018.png,Nick Suzuki,14,C
8,Montréal Canadiens,MTL,8482087.0,https://assets.nhle.com/mugs/nhl/20232024/MTL/8482087.png,Kaiden Guhle,21,D
8,Montréal Canadiens,MTL,8480887.0,https://assets.nhle.com/mugs/nhl/20232024/MTL/8480887.png,Jordan Harris,54,D
8,Montréal Canadiens,MTL,8483457.0,https://assets.nhle.com/mugs/nhl/20232024/MTL/8483457.png,Lane Hutson,48,D
8,Montréal Canadiens,MTL,8476875.0,https://assets.nhle.com/mugs/nhl/20232024/MTL/8476875.png,Mike Matheson,8,D
8,Montréal Canadiens,MTL,8475233.0,https://assets.nhle.com/mugs/nhl/20232024/MTL/8475233.png,David Savard,58,D
8,Montréal Canadiens,MTL,8482964.0,https://assets.nhle.com/mugs/nhl/20232024/MTL/8482964.png,Arber Xhekaj,72,D
8,Montréal Canadiens,MTL,8478470.0,https://assets.nhle.com/mugs/nhl/20232024/MTL/8478470.png,Sam Montembeault,35,G
8,Montréal Canadiens,MTL,8480051.0,https://assets.nhle.com/mugs/nhl/20232024/MTL/8480051.png,Cayden Primeau,30,G
9,Ottawa Senators,OTT,8480208.0,https://assets.nhle.com/mugs/nhl/20232024/OTT/8480208.png,Drake Batherson,19,R
9,Ottawa Senators,OTT,8473512.0,https://assets.nhle.com/mugs/nhl/20232024/OTT/8473512.png,Claude Giroux,28,R
9,Ottawa Senators,OTT,8482092.0,https://assets.nhle.com/mugs/nhl/20232024/OTT/8482092.png,Ridly Greig,71,C
9,Ottawa Senators,OTT,8478472.0,https://assets.nhle.com/mugs/nhl/20232024/OTT/8478472.png,Mathieu Joseph,21,R
9,Ottawa Senators,OTT,8479772.0,https://assets.nhle.com/mugs/nhl/20232024/OTT/8479772.png,Zack MacEwen,17,R
9,Ottawa Senators,OTT,8480064.0,https://assets.nhle.com/mugs/nhl/20232024/OTT/8480064.png,Josh Norris,9,C
9,Ottawa Senators,OTT,8481596.0,https://assets.nhle.com/mugs/nhl/20232024/OTT/8481596.png,Shane Pinto,57,C
9,Ottawa Senators,OTT,8482116.0,https://assets.nhle.com/mugs/nhl/20232024/OTT/8482116.png,Tim Stützle,18,C
9,Ottawa Senators,OTT,8480801.0,https://assets.nhle.com/mugs/nhl/20232024/OTT/8480801.png,Brady Tkachuk,7,L
9,Ottawa Senators,OTT,8480879.0,https://assets.nhle.com/mugs/nhl/20232024/OTT/8480879.png,Jacob Bernard-Docker,24,D
9,Ottawa Senators,OTT,8478469.0,https://assets.nhle.com/mugs/nhl/20232024/OTT/8478469.png,Thomas Chabot,72,D
9,Ottawa Senators,OTT,8479345.0,https://assets.nhle.com/mugs/nhl/20232024/OTT/8479345.png,Jakob Chychrun,6,D
9,Ottawa Senators,OTT,8474612.0,https://assets.nhle.com/mugs/nhl/20232024/OTT/8474612.png,Travis Hamonic,23,D
9,Ottawa Senators,OTT,8482105.0,https://assets.nhle.com/mugs/nhl/20232024/OTT/8482105.png,Jake Sanderson,85,D
9,Ottawa Senators,OTT,8482245.0,https://assets.nhle.com/mugs/nhl/20232024/OTT/8482245.png,Artem Zub,2,D
9,Ottawa Senators,OTT,8476341.0,https://assets.nhle.com/mugs/nhl/20232024/OTT/8476341.png,Anton Forsberg,31,G
10,Toronto Maple Leafs,TOR,8481720.0,https://assets.nhle.com/mugs/nhl/20232024/TOR/8481720.png,Nick Abruzzese,26,C
10,Toronto Maple Leafs,TOR,8480980.0,https://assets.nhle.com/mugs/nhl/20232024/TOR/8480980.png,Connor Dewar,24,C
10,Toronto Maple Leafs,TOR,8483733.0,https://assets.nhle.com/mugs/nhl/20232024/TOR/8483733.png,Nikita Grebenkin,71,R
10,Toronto Maple Leafs,TOR,8480995.0,https://assets.nhle.com/mugs/nhl/20232024/TOR/8480995.png,Pontus Holmberg,29,R
10,Toronto Maple Leafs,TOR,8475714.0,https://assets.nhle.com/mugs/nhl/20232024/TOR/8475714.png,Calle Jarnkrok,19,C
10,Toronto Maple Leafs,TOR,8480144.0,https://assets.nhle.com/mugs/nhl/20232024/TOR/8480144.png,David Kampf,64,C
10,Toronto Maple Leafs,TOR,8482720.0,https://assets.nhle.com/mugs/nhl/20232024/TOR/8482720.png,Matthew Knies,23,L
10,Toronto Maple Leafs,TOR,8478483.0,https://assets.nhle.com/mugs/nhl/20232024/TOR/8478483.png,Mitch Marner,16,R
10,Toronto Maple Leafs,TOR,8479318.0,https://assets.nhle.com/mugs/nhl/20232024/TOR/8479318.png,Auston Matthews,34,C
10,Toronto Maple Leafs,TOR,8482259.0,https://assets.nhle.com/mugs/nhl/20232024/TOR/8482259.png,Bobby McMann,74,C
10,Toronto Maple Leafs,TOR,8477939.0,https://assets.nhle.com/mugs/nhl/20232024/TOR/8477939.png,William Nylander,88,R
10,Toronto Maple Leafs,TOR,8471817.0,https://assets.nhle.com/mugs/nhl/20232024/TOR/8471817.png,Ryan Reaves,75,R
10,Toronto Maple Leafs,TOR,8481582.0,https://assets.nhle.com/mugs/nhl/20232024/TOR/8481582.png,Nicholas Robertson,89,L
10,Toronto Maple Leafs,TOR,8482634.0,https://assets.nhle.com/mugs/nhl/20232024/TOR/8482634.png,Alex Steeves,46,C
10,Toronto Maple Leafs,TOR,8475166.0,https://assets.nhle.com/mugs/nhl/20232024/TOR/8475166.png,John Tavares,91,C
10,Toronto Maple Leafs,TOR,8481122.0,https://assets.nhle.com/mugs/nhl/20232024/TOR/8481122.png,Simon Benoit,2,D
10,Toronto Maple Leafs,TOR,8481614.0,https://assets.nhle.com/mugs/nhl/20232024/TOR/8481614.png,Mikko Kokkonen,84,D
10,Toronto Maple Leafs,TOR,8480043.0,https://assets.nhle.com/mugs/nhl/20232024/TOR/8480043.png,Timothy Liljegren,37,D
10,Toronto Maple Leafs,TOR,8476931.0,https://assets.nhle.com/mugs/nhl/20232024/TOR/8476931.png,Jake McCabe,22,D
10,Toronto Maple Leafs,TOR,8482158.0,https://assets.nhle.com/mugs/nhl/20232024/TOR/8482158.png,Topi Niemela,47,D
10,Toronto Maple Leafs,TOR,8476853.0,https://assets.nhle.com/mugs/nhl/20232024/TOR/8476853.png,Morgan Rielly,44,D
10,Toronto Maple Leafs,TOR,8483546.0,https://assets.nhle.com/mugs/nhl/20232024/TOR/8483546.png,Marshall Rifai,83,D
10,Toronto Maple Leafs,TOR,8479982.0,https://assets.nhle.com/mugs/nhl/20232024/TOR/8479982.png,Conor Timmins,25,D
10,Toronto Maple Leafs,TOR,8481570.0,https://assets.nhle.com/mugs/nhl/20232024/TOR/8481570.png,Cade Webber,52,D
10,Toronto Maple Leafs,TOR,8483710.0,https://assets.nhle.com/mugs/nhl/20232024/TOR/8483710.png,Dennis Hildeby,41,G
10,Toronto Maple Leafs,TOR,8479361.0,https://assets.nhle.com/mugs/nhl/20232024/TOR/8479361.png,Joseph Woll,60,G
12,Carolina Hurricanes,CAR,8478427.0,https://assets.nhle.com/mugs/nhl/20232024/CAR/8478427.png,Sebastian Aho,20,C
12,Carolina Hurricanes,CAR,8482809.0,https://assets.nhle.com/mugs/nhl/20232024/CAR/8482809.png,Jackson Blake,53,R
12,Carolina Hurricanes,CAR,8480835.0,https://assets.nhle.com/mugs/nhl/20232024/CAR/8480835.png,Jack Drury,18,C
12,Carolina Hurricanes,CAR,8475855.0,https://assets.nhle.com/mugs/nhl/20232024/CAR/8475855.png,Jesper Fast,71,R
12,Carolina Hurricanes,CAR,8482093.0,https://assets.nhle.com/mugs/nhl/20232024/CAR/8482093.png,Seth Jarvis,24,C
12,Carolina Hurricanes,CAR,8480829.0,https://assets.nhle.com/mugs/nhl/20232024/CAR/8480829.png,Jesperi Kotkaniemi,82,C
12,Carolina Hurricanes,CAR,8475744.0,https://assets.nhle.com/mugs/nhl/20232024/CAR/8475744.png,Evgeny Kuznetsov,92,C
12,Carolina Hurricanes,CAR,8477962.0,https://assets.nhle.com/mugs/nhl/20232024/CAR/8477962.png,Brendan Lemieux,28,L
12,Carolina Hurricanes,CAR,8484203.0,https://assets.nhle.com/mugs/nhl/20232024/CAR/8484203.png,Bradly Nadeau,29,L
12,Carolina Hurricanes,CAR,8480039.0,https://assets.nhle.com/mugs/nhl/20232024/CAR/8480039.png,Martin Necas,88,C
12,Carolina Hurricanes,CAR,8473533.0,https://assets.nhle.com/mugs/nhl/20232024/CAR/8473533.png,Jordan Staal,11,C
12,Carolina Hurricanes,CAR,8481576.0,https://assets.nhle.com/mugs/nhl/20232024/CAR/8481576.png,Ryan Suzuki,61,C
12,Carolina Hurricanes,CAR,8480830.0,https://assets.nhle.com/mugs/nhl/20232024/CAR/8480830.png,Andrei Svechnikov,37,R
12,Carolina Hurricanes,CAR,8470613.0,https://assets.nhle.com/mugs/nhl/20232024/CAR/8470613.png,Brent Burns,8,D
12,Carolina Hurricanes,CAR,8478970.0,https://assets.nhle.com/mugs/nhl/20232024/CAR/8478970.png,Jalen Chatfield,5,D
12,Carolina Hurricanes,CAR,8479639.0,https://assets.nhle.com/mugs/nhl/20232024/CAR/8479639.png,Dylan Coghlan,15,D
12,Carolina Hurricanes,CAR,8482666.0,https://assets.nhle.com/mugs/nhl/20232024/CAR/8482666.png,Scott Morrow,56,D
12,Carolina Hurricanes,CAR,8475200.0,https://assets.nhle.com/mugs/nhl/20232024/CAR/8475200.png,Dmitry Orlov,7,D
12,Carolina Hurricanes,CAR,8482187.0,https://assets.nhle.com/mugs/nhl/20232024/CAR/8482187.png,Ronan Seeley,91,D
12,Carolina Hurricanes,CAR,8476958.0,https://assets.nhle.com/mugs/nhl/20232024/CAR/8476958.png,Jaccob Slavin,74,D
12,Carolina Hurricanes,CAR,8475883.0,https://assets.nhle.com/mugs/nhl/20232024/CAR/8475883.png,Frederik Andersen,31,G
12,Carolina Hurricanes,CAR,8481611.0,https://assets.nhle.com/mugs/nhl/20232024/CAR/8481611.png,Pyotr Kochetkov,52,G
12,Carolina Hurricanes,CAR,8477484.0,https://assets.nhle.com/mugs/nhl/20232024/CAR/8477484.png,Spencer Martin,41,G
13,Florida Panthers,FLA,8477493.0,https://assets.nhle.com/mugs/nhl/20232024/FLA/8477493.png,Aleksander Barkov,16,C
13,Florida Panthers,FLA,8477935.0,https://assets.nhle.com/mugs/nhl/20232024/FLA/8477935.png,Sam Bennett,9,C
13,Florida Panthers,FLA,8479981.0,https://assets.nhle.com/mugs/nhl/20232024/FLA/8479981.png,Jonah Gadjovich,12,L
13,Florida Panthers,FLA,8480825.0,https://assets.nhle.com/mugs/nhl/20232024/FLA/8480825.png,Patrick Giles,36,R
13,Florida Panthers,FLA,8479367.0,https://assets.nhle.com/mugs/nhl/20232024/FLA/8479367.png,William Lockwood,67,R
13,Florida Panthers,FLA,8482113.0,https://assets.nhle.com/mugs/nhl/20232024/FLA/8482113.png,Anton Lundell,15,C
13,Florida Panthers,FLA,8480185.0,https://assets.nhle.com/mugs/nhl/20232024/FLA/8480185.png,Eetu Luostarinen,27,C
13,Florida Panthers,FLA,8477933.0,https://assets.nhle.com/mugs/nhl/20232024/FLA/8477933.png,Sam Reinhart,13,C
13,Florida Panthers,FLA,8478542.0,https://assets.nhle.com/mugs/nhl/20232024/FLA/8478542.png,Evan Rodrigues,17,C
13,Florida Panthers,FLA,8482713.0,https://assets.nhle.com/mugs/nhl/20232024/FLA/8482713.png,Mackie Samoskevich,25,R
13,Florida Panthers,FLA,8482088.0,https://assets.nhle.com/mugs/nhl/20232024/FLA/8482088.png,Justin Sourdif,24,R
13,Florida Panthers,FLA,8479314.0,https://assets.nhle.com/mugs/nhl/20232024/FLA/8479314.png,Matthew Tkachuk,19,L
13,Florida Panthers,FLA,8477409.0,https://assets.nhle.com/mugs/nhl/20232024/FLA/8477409.png,Carter Verhaeghe,23,C
13,Florida Panthers,FLA,8484304.0,https://assets.nhle.com/mugs/nhl/20232024/FLA/8484304.png,Uvis Balinskis,26,D
13,Florida Panthers,FLA,8482107.0,https://assets.nhle.com/mugs/nhl/20232024/FLA/8482107.png,Mike Benning,44,D
13,Florida Panthers,FLA,8481600.0,https://assets.nhle.com/mugs/nhl/20232024/FLA/8481600.png,Tobias Bjornfot,2,D
13,Florida Panthers,FLA,8477932.0,https://assets.nhle.com/mugs/nhl/20232024/FLA/8477932.png,Aaron Ekblad,5,D
13,Florida Panthers,FLA,8478055.0,https://assets.nhle.com/mugs/nhl/20232024/FLA/8478055.png,Gustav Forsling,42,D
13,Florida Panthers,FLA,8482641.0,https://assets.nhle.com/mugs/nhl/20232024/FLA/8482641.png,Matt Kiersted,3,D
13,Florida Panthers,FLA,8478859.0,https://assets.nhle.com/mugs/nhl/20232024/FLA/8478859.png,Niko Mikkola,77,D
13,Florida Panthers,FLA,8475683.0,https://assets.nhle.com/mugs/nhl/20232024/FLA/8475683.png,Sergei Bobrovsky,72,G
13,Florida Panthers,FLA,8481519.0,https://assets.nhle.com/mugs/nhl/20232024/FLA/8481519.png,Spencer Knight,30,G
14,Tampa Bay Lightning,TBL,8482070.0,https://assets.nhle.com/mugs/nhl/20232024/TBL/8482070.png,Mitchell Chaffee,41,R
14,Tampa Bay Lightning,TBL,8478519.0,https://assets.nhle.com/mugs/nhl/20232024/TBL/8478519.png,Anthony Cirelli,71,C
14,Tampa Bay Lightning,TBL,8479591.0,https://assets.nhle.com/mugs/nhl/20232024/TBL/8479591.png,Michael Eyssimont,23,C
14,Tampa Bay Lightning,TBL,8476822.0,https://assets.nhle.com/mugs/nhl/20232024/TBL/8476822.png,Luke Glendening,11,C
14,Tampa Bay Lightning,TBL,8479542.0,https://assets.nhle.com/mugs/nhl/20232024/TBL/8479542.png,Nikita Kucherov,38,L
14,Tampa Bay Lightning,TBL,8476453.0,https://assets.nhle.com/mugs/nhl/20232024/TBL/8476453.png,Nicholas Paul,86,R
14,Tampa Bay Lightning,TBL,8477426.0,https://assets.nhle.com/mugs/nhl/20232024/TBL/8477426.png,Brayden Point,20,L
14,Tampa Bay Lightning,TBL,8478010.0,https://assets.nhle.com/mugs/nhl/20232024/TBL/8478010.png,Conor Sheary,21,C
14,Tampa Bay Lightning,TBL,8478416.0,https://assets.nhle.com/mugs/nhl/20232024/TBL/8478416.png,Erik Cernak,81,D
14,Tampa Bay Lightning,TBL,8475167.0,https://assets.nhle.com/mugs/nhl/20232024/TBL/8475167.png,Victor Hedman,77,D
14,Tampa Bay Lightning,TBL,8474151.0,https://assets.nhle.com/mugs/nhl/20232024/TBL/8474151.png,Ryan McDonagh,27,D
14,Tampa Bay Lightning,TBL,8480246.0,https://assets.nhle.com/mugs/nhl/20232024/TBL/8480246.png,Darren Raddysh,48,D
14,Tampa Bay Lightning,TBL,8477992.0,https://assets.nhle.com/mugs/nhl/20232024/TBL/8477992.png,Jonas Johansson,31,G
14,Tampa Bay Lightning,TBL,8476883.0,https://assets.nhle.com/mugs/nhl/20232024/TBL/8476883.png,Andrei Vasilevskiy,88,G
15,Washington Capitals,WSH,8473563.0,https://assets.nhle.com/mugs/nhl/20232024/WSH/8473563.png,Nicklas Backstrom,19,C
15,Washington Capitals,WSH,8475343.0,https://assets.nhle.com/mugs/nhl/20232024/WSH/8475343.png,Nic Dowd,26,C
15,Washington Capitals,WSH,8479400.0,https://assets.nhle.com/mugs/nhl/20232024/WSH/8479400.png,Pierre-Luc Dubois,80,L
15,Washington Capitals,WSH,8478233.0,https://assets.nhle.com/mugs/nhl/20232024/WSH/8478233.png,Andrew Mangiapane,88,L
15,Washington Capitals,WSH,8481580.0,https://assets.nhle.com/mugs/nhl/20232024/WSH/8481580.png,Connor McMichael,24,C
15,Washington Capitals,WSH,8477947.0,https://assets.nhle.com/mugs/nhl/20232024/WSH/8477947.png,Sonny Milano,15,L
15,Washington Capitals,WSH,8471698.0,https://assets.nhle.com/mugs/nhl/20232024/WSH/8471698.png,T.J. Oshie,77,R
15,Washington Capitals,WSH,8471214.0,https://assets.nhle.com/mugs/nhl/20232024/WSH/8471214.png,Alex Ovechkin,8,L
15,Washington Capitals,WSH,8481656.0,https://assets.nhle.com/mugs/nhl/20232024/WSH/8481656.png,Aliaksei Protas,21,C
15,Washington Capitals,WSH,8475958.0,https://assets.nhle.com/mugs/nhl/20232024/WSH/8475958.png,Michael Sgarbossa,23,C
15,Washington Capitals,WSH,8478440.0,https://assets.nhle.com/mugs/nhl/20232024/WSH/8478440.png,Dylan Strome,17,C
15,Washington Capitals,WSH,8476880.0,https://assets.nhle.com/mugs/nhl/20232024/WSH/8476880.png,Tom Wilson,43,R
15,Washington Capitals,WSH,8480823.0,https://assets.nhle.com/mugs/nhl/20232024/WSH/8480823.png,Alexander Alexeyev,27,D
15,Washington Capitals,WSH,8478451.0,https://assets.nhle.com/mugs/nhl/20232024/WSH/8478451.png,Ethan Bear,25,D
15,Washington Capitals,WSH,8474590.0,https://assets.nhle.com/mugs/nhl/20232024/WSH/8474590.png,John Carlson,74,D
15,Washington Capitals,WSH,8480796.0,https://assets.nhle.com/mugs/nhl/20232024/WSH/8480796.png,Martin Fehervary,42,D
15,Washington Capitals,WSH,8475324.0,https://assets.nhle.com/mugs/nhl/20232024/WSH/8475324.png,Nick Jensen,3,D
15,Washington Capitals,WSH,8480873.0,https://assets.nhle.com/mugs/nhl/20232024/WSH/8480873.png,Rasmus Sandin,38,D
15,Washington Capitals,WSH,8477845.0,https://assets.nhle.com/mugs/nhl/20232024/WSH/8477845.png,Trevor van Riemsdyk,57,D
15,Washington Capitals,WSH,8479292.0,https://assets.nhle.com/mugs/nhl/20232024/WSH/8479292.png,Charlie Lindgren,79,G
15,Washington Capitals,WSH,8480313.0,https://assets.nhle.com/mugs/nhl/20232024/WSH/8480313.png,Logan Thompson,48,G
16,Chicago Blackhawks,CHI,8476960.0,https://assets.nhle.com/mugs/nhl/20232024/CHI/8476960.png,Andreas Athanasiou,89,C
16,Chicago Blackhawks,CHI,8484144.0,https://assets.nhle.com/mugs/nhl/20232024/CHI/8484144.png,Connor Bedard,98,C
16,Chicago Blackhawks,CHI,8477450.0,https://assets.nhle.com/mugs/nhl/20232024/CHI/8477450.png,Jason Dickinson,16,C
16,Chicago Blackhawks,CHI,8477987.0,https://assets.nhle.com/mugs/nhl/20232024/CHI/8477987.png,Ryan Donato,8,C
16,Chicago Blackhawks,CHI,8473422.0,https://assets.nhle.com/mugs/nhl/20232024/CHI/8473422.png,Nick Foligno,17,L
16,Chicago Blackhawks,CHI,8475791.0,https://assets.nhle.com/mugs/nhl/20232024/CHI/8475791.png,Taylor Hall,71,L
16,Chicago Blackhawks,CHI,8480798.0,https://assets.nhle.com/mugs/nhl/20232024/CHI/8480798.png,Philipp Kurashev,23,C
16,Chicago Blackhawks,CHI,8483493.0,https://assets.nhle.com/mugs/nhl/20232024/CHI/8483493.png,Landon Slaggert,91,C
16,Chicago Blackhawks,CHI,8477495.0,https://assets.nhle.com/mugs/nhl/20232024/CHI/8477495.png,Seth Jones,4,D
16,Chicago Blackhawks,CHI,8483466.0,https://assets.nhle.com/mugs/nhl/20232024/CHI/8483466.png,Kevin Korchinski,55,D
16,Chicago Blackhawks,CHI,8476473.0,https://assets.nhle.com/mugs/nhl/20232024/CHI/8476473.png,Connor Murphy,5,D
16,Chicago Blackhawks,CHI,8481568.0,https://assets.nhle.com/mugs/nhl/20232024/CHI/8481568.png,Alex Vlasic,72,D
16,Chicago Blackhawks,CHI,8475852.0,https://assets.nhle.com/mugs/nhl/20232024/CHI/8475852.png,Petr Mrazek,34,G
16,Chicago Blackhawks,CHI,8482821.0,https://assets.nhle.com/mugs/nhl/20232024/CHI/8482821.png,Arvid Soderblom,40,G
17,Detroit Red Wings,DET,8477456.0,https://assets.nhle.com/mugs/nhl/20232024/DET/8477456.png,J.T. Compher,37,L
17,Detroit Red Wings,DET,8477429.0,https://assets.nhle.com/mugs/nhl/20232024/DET/8477429.png,Andrew Copp,18,C
17,Detroit Red Wings,DET,8479337.0,https://assets.nhle.com/mugs/nhl/20232024/DET/8479337.png,Alex DeBrincat,93,R
17,Detroit Red Wings,DET,8477952.0,https://assets.nhle.com/mugs/nhl/20232024/DET/8477952.png,Robby Fabbri,14,C
17,Detroit Red Wings,DET,8474141.0,https://assets.nhle.com/mugs/nhl/20232024/DET/8474141.png,Patrick Kane,88,R
17,Detroit Red Wings,DET,8477946.0,https://assets.nhle.com/mugs/nhl/20232024/DET/8477946.png,Dylan Larkin,71,C
17,Detroit Red Wings,DET,8479992.0,https://assets.nhle.com/mugs/nhl/20232024/DET/8479992.png,Michael Rasmussen,27,C
17,Detroit Red Wings,DET,8482078.0,https://assets.nhle.com/mugs/nhl/20232024/DET/8482078.png,Lucas Raymond,23,L
17,Detroit Red Wings,DET,8480813.0,https://assets.nhle.com/mugs/nhl/20232024/DET/8480813.png,Joe Veleno,90,C
17,Detroit Red Wings,DET,8475279.0,https://assets.nhle.com/mugs/nhl/20232024/DET/8475279.png,Ben Chiarot,8,D
17,Detroit Red Wings,DET,8482762.0,https://assets.nhle.com/mugs/nhl/20232024/DET/8482762.png,Simon Edvinsson,77,D
17,Detroit Red Wings,DET,8475718.0,https://assets.nhle.com/mugs/nhl/20232024/DET/8475718.png,Justin Holl,3,D
17,Detroit Red Wings,DET,8476874.0,https://assets.nhle.com/mugs/nhl/20232024/DET/8476874.png,Olli Maatta,2,D
17,Detroit Red Wings,DET,8473507.0,https://assets.nhle.com/mugs/nhl/20232024/DET/8473507.png,Jeff Petry,46,D
17,Detroit Red Wings,DET,8481542.0,https://assets.nhle.com/mugs/nhl/20232024/DET/8481542.png,Moritz Seider,53,D
17,Detroit Red Wings,DET,8478024.0,https://assets.nhle.com/mugs/nhl/20232024/DET/8478024.png,Ville Husso,35,G
17,Detroit Red Wings,DET,8479312.0,https://assets.nhle.com/mugs/nhl/20232024/DET/8479312.png,Alex Lyon,34,G
18,Nashville Predators,NSH,8482146.0,https://assets.nhle.com/mugs/nhl/20232024/NSH/8482146.png,Luke Evangelista,77,R
18,Nashville Predators,NSH,8476887.0,https://assets.nhle.com/mugs/nhl/20232024/NSH/8476887.png,Filip Forsberg,9,L
18,Nashville Predators,NSH,8479996.0,https://assets.nhle.com/mugs/nhl/20232024/NSH/8479996.png,Cody Glass,8,C
18,Nashville Predators,NSH,8476873.0,https://assets.nhle.com/mugs/nhl/20232024/NSH/8476873.png,Mark Jankowski,17,C
18,Nashville Predators,NSH,8477446.0,https://assets.nhle.com/mugs/nhl/20232024/NSH/8477446.png,Michael McCarron,47,R
18,Nashville Predators,NSH,8478438.0,https://assets.nhle.com/mugs/nhl/20232024/NSH/8478438.png,Tommy Novak,82,C
18,Nashville Predators,NSH,8474679.0,https://assets.nhle.com/mugs/nhl/20232024/NSH/8474679.png,Gustav Nyquist,14,C
18,Nashville Predators,NSH,8475158.0,https://assets.nhle.com/mugs/nhl/20232024/NSH/8475158.png,Ryan O'Reilly,90,C
18,Nashville Predators,NSH,8476925.0,https://assets.nhle.com/mugs/nhl/20232024/NSH/8476925.png,Colton Sissons,10,C
18,Nashville Predators,NSH,8482062.0,https://assets.nhle.com/mugs/nhl/20232024/NSH/8482062.png,Cole Smith,36,L
18,Nashville Predators,NSH,8479371.0,https://assets.nhle.com/mugs/nhl/20232024/NSH/8479371.png,Dante Fabbro,57,D
18,Nashville Predators,NSH,8474600.0,https://assets.nhle.com/mugs/nhl/20232024/NSH/8474600.png,Roman Josi,59,D
18,Nashville Predators,NSH,8478468.0,https://assets.nhle.com/mugs/nhl/20232024/NSH/8478468.png,Jeremy Lauzon,3,D
18,Nashville Predators,NSH,8474568.0,https://assets.nhle.com/mugs/nhl/20232024/NSH/8474568.png,Luke Schenn,2,D
18,Nashville Predators,NSH,8477424.0,https://assets.nhle.com/mugs/nhl/20232024/NSH/8477424.png,Juuse Saros,74,G
19,St. Louis Blues,STL,8481543.0,https://assets.nhle.com/mugs/nhl/20232024/STL/8481543.png,Nikita Alexandrov,59,C
19,St. Louis Blues,STL,8477402.0,https://assets.nhle.com/mugs/nhl/20232024/STL/8477402.png,Pavel Buchnevich,89,L
19,St. Louis Blues,STL,8479385.0,https://assets.nhle.com/mugs/nhl/20232024/STL/8479385.png,Jordan Kyrou,25,C
19,St. Louis Blues,STL,8482089.0,https://assets.nhle.com/mugs/nhl/20232024/STL/8482089.png,Jake Neighbours,63,L
19,St. Louis Blues,STL,8476438.0,https://assets.nhle.com/mugs/nhl/20232024/STL/8476438.png,Brandon Saad,20,L
19,St. Louis Blues,STL,8475170.0,https://assets.nhle.com/mugs/nhl/20232024/STL/8475170.png,Brayden Schenn,10,C
19,St. Louis Blues,STL,8476897.0,https://assets.nhle.com/mugs/nhl/20232024/STL/8476897.png,Oskar Sundqvist,70,C
19,St. Louis Blues,STL,8480023.0,https://assets.nhle.com/mugs/nhl/20232024/STL/8480023.png,Alexey Toropchenko,18,C
19,St. Louis Blues,STL,8480281.0,https://assets.nhle.com/mugs/nhl/20232024/STL/8480281.png,Nathan Walker,13,R
19,St. Louis Blues,STL,8475753.0,https://assets.nhle.com/mugs/nhl/20232024/STL/8475753.png,Justin Faulk,72,D
19,St. Louis Blues,STL,8476792.0,https://assets.nhle.com/mugs/nhl/20232024/STL/8476792.png,Torey Krug,47,D
19,St. Louis Blues,STL,8475181.0,https://assets.nhle.com/mugs/nhl/20232024/STL/8475181.png,Nick Leddy,4,D
19,St. Louis Blues,STL,8476892.0,https://assets.nhle.com/mugs/nhl/20232024/STL/8476892.png,Colton Parayko,55,D
19,St. Louis Blues,STL,8481059.0,https://assets.nhle.com/mugs/nhl/20232024/STL/8481059.png,Scott Perunovich,48,D
19,St. Louis Blues,STL,8481006.0,https://assets.nhle.com/mugs/nhl/20232024/STL/8481006.png,Tyler Tucker,75,D
19,St. Louis Blues,STL,8476412.0,https://assets.nhle.com/mugs/nhl/20232024/STL/8476412.png,Jordan Binnington,50,G
19,St. Louis Blues,STL,8480981.0,https://assets.nhle.com/mugs/nhl/20232024/STL/8480981.png,Joel Hofer,30,G
20,Calgary Flames,CGY,8474150.0,https://assets.nhle.com/mugs/nhl/20232024/CGY/8474150.png,Mikael Backlund,11,C
20,Calgary Flames,CGY,8476399.0,https://assets.nhle.com/mugs/nhl/20232024/CGY/8476399.png,Blake Coleman,20,C
20,Calgary Flames,CGY,8482652.0,https://assets.nhle.com/mugs/nhl/20232024/CGY/8482652.png,Walker Duehr,71,R
20,Calgary Flames,CGY,8476456.0,https://assets.nhle.com/mugs/nhl/20232024/CGY/8476456.png,Jonathan Huberdeau,10,C
20,Calgary Flames,CGY,8478211.0,https://assets.nhle.com/mugs/nhl/20232024/CGY/8478211.png,Dryden Hunt,15,L
20,Calgary Flames,CGY,8475172.0,https://assets.nhle.com/mugs/nhl/20232024/CGY/8475172.png,Nazem Kadri,91,C
20,Calgary Flames,CGY,8483808.0,https://assets.nhle.com/mugs/nhl/20232024/CGY/8483808.png,Andrei Kuzmenko,96,L
20,Calgary Flames,CGY,8481028.0,https://assets.nhle.com/mugs/nhl/20232024/CGY/8481028.png,Martin Pospisil,76,C
20,Calgary Flames,CGY,8479291.0,https://assets.nhle.com/mugs/nhl/20232024/CGY/8479291.png,Kevin Rooney,21,C
20,Calgary Flames,CGY,8481068.0,https://assets.nhle.com/mugs/nhl/20232024/CGY/8481068.png,Yegor Sharangovich,17,C
20,Calgary Flames,CGY,8482074.0,https://assets.nhle.com/mugs/nhl/20232024/CGY/8482074.png,Connor Zary,47,C
20,Calgary Flames,CGY,8478397.0,https://assets.nhle.com/mugs/nhl/20232024/CGY/8478397.png,Rasmus Andersson,4,D
20,Calgary Flames,CGY,8480860.0,https://assets.nhle.com/mugs/nhl/20232024/CGY/8480860.png,Kevin Bahl,7,D
20,Calgary Flames,CGY,8477810.0,https://assets.nhle.com/mugs/nhl/20232024/CGY/8477810.png,Joel Hanley,44,D
20,Calgary Flames,CGY,8482624.0,https://assets.nhle.com/mugs/nhl/20232024/CGY/8482624.png,Daniil Miromanov,62,D
20,Calgary Flames,CGY,8481537.0,https://assets.nhle.com/mugs/nhl/20232024/CGY/8481537.png,Nikita Okhotiuk,28,D
20,Calgary Flames,CGY,8481167.0,https://assets.nhle.com/mugs/nhl/20232024/CGY/8481167.png,Brayden Pachal,94,D
20,Calgary Flames,CGY,8482470.0,https://assets.nhle.com/mugs/nhl/20232024/CGY/8482470.png,Ilya Solovyov,98,D
20,Calgary Flames,CGY,8477346.0,https://assets.nhle.com/mugs/nhl/20232024/CGY/8477346.png,MacKenzie Weegar,52,D
20,Calgary Flames,CGY,8478435.0,https://assets.nhle.com/mugs/nhl/20232024/CGY/8478435.png,Dan Vladar,80,G
21,Colorado Avalanche,COL,8479525.0,https://assets.nhle.com/mugs/nhl/20232024/COL/8479525.png,Ross Colton,20,C
21,Colorado Avalanche,COL,8482147.0,https://assets.nhle.com/mugs/nhl/20232024/COL/8482147.png,Jean-Luc Foudy,93,C
21,Colorado Avalanche,COL,8481042.0,https://assets.nhle.com/mugs/nhl/20232024/COL/8481042.png,Nikolai Kovalenko,51,R
21,Colorado Avalanche,COL,8477476.0,https://assets.nhle.com/mugs/nhl/20232024/COL/8477476.png,Artturi Lehkonen,62,L
21,Colorado Avalanche,COL,8477492.0,https://assets.nhle.com/mugs/nhl/20232024/COL/8477492.png,Nathan MacKinnon,29,C
21,Colorado Avalanche,COL,8479999.0,https://assets.nhle.com/mugs/nhl/20232024/COL/8479999.png,Casey Mittelstadt,37,C
21,Colorado Avalanche,COL,8481186.0,https://assets.nhle.com/mugs/nhl/20232024/COL/8481186.png,Logan O'Connor,25,R
21,Colorado Avalanche,COL,8478420.0,https://assets.nhle.com/mugs/nhl/20232024/COL/8478420.png,Mikko Rantanen,96,R
21,Colorado Avalanche,COL,8475780.0,https://assets.nhle.com/mugs/nhl/20232024/COL/8475780.png,Chris Wagner,14,R
21,Colorado Avalanche,COL,8477425.0,https://assets.nhle.com/mugs/nhl/20232024/COL/8477425.png,Miles Wood,28,L
21,Colorado Avalanche,COL,8482072.0,https://assets.nhle.com/mugs/nhl/20232024/COL/8482072.png,Jack Ahcan,18,D
21,Colorado Avalanche,COL,8479398.0,https://assets.nhle.com/mugs/nhl/20232024/COL/8479398.png,Samuel Girard,49,D
21,Colorado Avalanche,COL,8480069.0,https://assets.nhle.com/mugs/nhl/20232024/COL/8480069.png,Cale Makar,8,D
21,Colorado Avalanche,COL,8484258.0,https://assets.nhle.com/mugs/nhl/20232024/COL/8484258.png,Sam Malinski,70,D
21,Colorado Avalanche,COL,8476312.0,https://assets.nhle.com/mugs/nhl/20232024/COL/8476312.png,Josh Manson,42,D
21,Colorado Avalanche,COL,8479387.0,https://assets.nhle.com/mugs/nhl/20232024/COL/8479387.png,Keaton Middleton,67,D
21,Colorado Avalanche,COL,8478038.0,https://assets.nhle.com/mugs/nhl/20232024/COL/8478038.png,Devon Toews,7,D
21,Colorado Avalanche,COL,8481020.0,https://assets.nhle.com/mugs/nhl/20232024/COL/8481020.png,Justus Annunen,60,G
21,Colorado Avalanche,COL,8480382.0,https://assets.nhle.com/mugs/nhl/20232024/COL/8480382.png,Alexandar Georgiev,40,G
21,Colorado Avalanche,COL,8481529.0,https://assets.nhle.com/mugs/nhl/20232024/COL/8481529.png,Trent Miner,34,G
22,Edmonton Oilers,EDM,8482673.0,https://assets.nhle.com/mugs/nhl/20232024/EDM/8482673.png,Xavier Bourgault,54,C
22,Edmonton Oilers,EDM,8477934.0,https://assets.nhle.com/mugs/nhl/20232024/EDM/8477934.png,Leon Draisaitl,29,C
22,Edmonton Oilers,EDM,8482077.0,https://assets.nhle.com/mugs/nhl/20232024/EDM/8482077.png,Dylan Holloway,55,L
22,Edmonton Oilers,EDM,8475786.0,https://assets.nhle.com/mugs/nhl/20232024/EDM/8475786.png,Zach Hyman,18,L
22,Edmonton Oilers,EDM,8475169.0,https://assets.nhle.com/mugs/nhl/20232024/EDM/8475169.png,Evander Kane,91,L
22,Edmonton Oilers,EDM,8481534.0,https://assets.nhle.com/mugs/nhl/20232024/EDM/8481534.png,Raphael Lavoie,62,C
22,Edmonton Oilers,EDM,8478402.0,https://assets.nhle.com/mugs/nhl/20232024/EDM/8478402.png,Connor McDavid,97,C
22,Edmonton Oilers,EDM,8480802.0,https://assets.nhle.com/mugs/nhl/20232024/EDM/8480802.png,Ryan McLeod,71,C
22,Edmonton Oilers,EDM,8476454.0,https://assets.nhle.com/mugs/nhl/20232024/EDM/8476454.png,Ryan Nugent-Hopkins,93,C
22,Edmonton Oilers,EDM,8478967.0,https://assets.nhle.com/mugs/nhl/20232024/EDM/8478967.png,Lane Pederson,26,C
22,Edmonton Oilers,EDM,8478585.0,https://assets.nhle.com/mugs/nhl/20232024/EDM/8478585.png,Derek Ryan,10,C
22,Edmonton Oilers,EDM,8480803.0,https://assets.nhle.com/mugs/nhl/20232024/EDM/8480803.png,Evan Bouchard,2,D
22,Edmonton Oilers,EDM,8481598.0,https://assets.nhle.com/mugs/nhl/20232024/EDM/8481598.png,Philip Broberg,86,D
22,Edmonton Oilers,EDM,8476879.0,https://assets.nhle.com/mugs/nhl/20232024/EDM/8476879.png,Cody Ceci,5,D
22,Edmonton Oilers,EDM,8479341.0,https://assets.nhle.com/mugs/nhl/20232024/EDM/8479341.png,Cam Dineen,85,D
22,Edmonton Oilers,EDM,8475218.0,https://assets.nhle.com/mugs/nhl/20232024/EDM/8475218.png,Mattias Ekholm,14,D
22,Edmonton Oilers,EDM,8479416.0,https://assets.nhle.com/mugs/nhl/20232024/EDM/8479416.png,Ben Gleason,6,D
22,Edmonton Oilers,EDM,8480274.0,https://assets.nhle.com/mugs/nhl/20232024/EDM/8480274.png,Philip Kemp,76,D
22,Edmonton Oilers,EDM,8476967.0,https://assets.nhle.com/mugs/nhl/20232024/EDM/8476967.png,Brett Kulak,27,D
22,Edmonton Oilers,EDM,8477498.0,https://assets.nhle.com/mugs/nhl/20232024/EDM/8477498.png,Darnell Nurse,25,D
22,Edmonton Oilers,EDM,8475789.0,https://assets.nhle.com/mugs/nhl/20232024/EDM/8475789.png,Jack Campbell,36,G
22,Edmonton Oilers,EDM,8475717.0,https://assets.nhle.com/mugs/nhl/20232024/EDM/8475717.png,Calvin Pickard,30,G
22,Edmonton Oilers,EDM,8480885.0,https://assets.nhle.com/mugs/nhl/20232024/EDM/8480885.png,Olivier Rodrigue,35,G
22,Edmonton Oilers,EDM,8479973.0,https://assets.nhle.com/mugs/nhl/20232024/EDM/8479973.png,Stuart Skinner,74,G
23,Vancouver Canucks,VAN,8482496.0,https://assets.nhle.com/mugs/nhl/20232024/VAN/8482496.png,Nils Aman,88,C
23,Vancouver Canucks,VAN,8483395.0,https://assets.nhle.com/mugs/nhl/20232024/VAN/8483395.png,Arshdeep Bains,80,L
23,Vancouver Canucks,VAN,8476927.0,https://assets.nhle.com/mugs/nhl/20232024/VAN/8476927.png,Teddy Blueger,53,C
23,Vancouver Canucks,VAN,8478444.0,https://assets.nhle.com/mugs/nhl/20232024/VAN/8478444.png,Brock Boeser,6,R
23,Vancouver Canucks,VAN,8476858.0,https://assets.nhle.com/mugs/nhl/20232024/VAN/8476858.png,Phillip Di Giuseppe,34,L
23,Vancouver Canucks,VAN,8478856.0,https://assets.nhle.com/mugs/nhl/20232024/VAN/8478856.png,Conor Garland,8,R
23,Vancouver Canucks,VAN,8481535.0,https://assets.nhle.com/mugs/nhl/20232024/VAN/8481535.png,Nils Hoglander,21,L
23,Vancouver Canucks,VAN,8478057.0,https://assets.nhle.com/mugs/nhl/20232024/VAN/8478057.png,Dakota Joshua,81,C
23,Vancouver Canucks,VAN,8481024.0,https://assets.nhle.com/mugs/nhl/20232024/VAN/8481024.png,Linus Karlsson,94,C
23,Vancouver Canucks,VAN,8482918.0,https://assets.nhle.com/mugs/nhl/20232024/VAN/8482918.png,Danila Klimovich,46,R
23,Vancouver Canucks,VAN,8476468.0,https://assets.nhle.com/mugs/nhl/20232024/VAN/8476468.png,Elias Pettersson,9,C
23,Vancouver Canucks,VAN,8480012.0,https://assets.nhle.com/mugs/nhl/20232024/VAN/8480012.png,Vasily Podkolzin,40,C
23,Vancouver Canucks,VAN,8481617.0,https://assets.nhle.com/mugs/nhl/20232024/VAN/8481617.png,Aatu Raty,92,R
23,Vancouver Canucks,VAN,8482691.0,https://assets.nhle.com/mugs/nhl/20232024/VAN/8482691.png,Pius Suter,27,C
23,Vancouver Canucks,VAN,8478017.0,https://assets.nhle.com/mugs/nhl/20232024/VAN/8478017.png,Mark Friedman,51,D
23,Vancouver Canucks,VAN,8479425.0,https://assets.nhle.com/mugs/nhl/20232024/VAN/8479425.png,Filip Hronek,17,D
23,Vancouver Canucks,VAN,8480800.0,https://assets.nhle.com/mugs/nhl/20232024/VAN/8480800.png,Quinn Hughes,43,D
23,Vancouver Canucks,VAN,8478454.0,https://assets.nhle.com/mugs/nhl/20232024/VAN/8478454.png,Noah Juulsen,47,D
23,Vancouver Canucks,VAN,8484287.0,https://assets.nhle.com/mugs/nhl/20232024/VAN/8484287.png,Cole McWard,48,D
23,Vancouver Canucks,VAN,8474574.0,https://assets.nhle.com/mugs/nhl/20232024/VAN/8474574.png,Tyler Myers,57,D
23,Vancouver Canucks,VAN,8477359.0,https://assets.nhle.com/mugs/nhl/20232024/VAN/8477359.png,Carson Soucy,5,D
23,Vancouver Canucks,VAN,8477369.0,https://assets.nhle.com/mugs/nhl/20232024/VAN/8477369.png,Christian Wolanin,7,D
23,Vancouver Canucks,VAN,8477967.0,https://assets.nhle.com/mugs/nhl/20232024/VAN/8477967.png,Thatcher Demko,35,G
23,Vancouver Canucks,VAN,8481668.0,https://assets.nhle.com/mugs/nhl/20232024/VAN/8481668.png,Arturs Silovs,31,G
23,Vancouver Canucks,VAN,8484268.0,https://assets.nhle.com/mugs/nhl/20232024/VAN/8484268.png,Nikita Tolopilo,60,G
24,Anaheim Ducks,ANA,8484153.0,https://assets.nhle.com/mugs/nhl/20232024/ANA/8484153.png,Leo Carlsson,91,C
24,Anaheim Ducks,ANA,8482118.0,https://assets.nhle.com/mugs/nhl/20232024/ANA/8482118.png,Sam Colangelo,64,R
24,Anaheim Ducks,ANA,8483445.0,https://assets.nhle.com/mugs/nhl/20232024/ANA/8483445.png,Cutter Gauthier,61,L
24,Anaheim Ducks,ANA,8477527.0,https://assets.nhle.com/mugs/nhl/20232024/ANA/8477527.png,Ross Johnston,44,L
24,Anaheim Ducks,ANA,8473986.0,https://assets.nhle.com/mugs/nhl/20232024/ANA/8473986.png,Alex Killorn,17,L
24,Anaheim Ducks,ANA,8480806.0,https://assets.nhle.com/mugs/nhl/20232024/ANA/8480806.png,Isac Lundestrom,21,C
24,Anaheim Ducks,ANA,8476934.0,https://assets.nhle.com/mugs/nhl/20232024/ANA/8476934.png,Brock McGinn,26,L
24,Anaheim Ducks,ANA,8482745.0,https://assets.nhle.com/mugs/nhl/20232024/ANA/8482745.png,Mason McTavish,23,C
24,Anaheim Ducks,ANA,8476458.0,https://assets.nhle.com/mugs/nhl/20232024/ANA/8476458.png,Ryan Strome,16,C
24,Anaheim Ducks,ANA,8478873.0,https://assets.nhle.com/mugs/nhl/20232024/ANA/8478873.png,Troy Terry,19,R
24,Anaheim Ducks,ANA,8478366.0,https://assets.nhle.com/mugs/nhl/20232024/ANA/8478366.png,Frank Vatrano,77,R
24,Anaheim Ducks,ANA,8481533.0,https://assets.nhle.com/mugs/nhl/20232024/ANA/8481533.png,Trevor Zegras,11,C
24,Anaheim Ducks,ANA,8475764.0,https://assets.nhle.com/mugs/nhl/20232024/ANA/8475764.png,Cam Fowler,4,D
24,Anaheim Ducks,ANA,8475462.0,https://assets.nhle.com/mugs/nhl/20232024/ANA/8475462.png,Radko Gudas,7,D
24,Anaheim Ducks,ANA,8481605.0,https://assets.nhle.com/mugs/nhl/20232024/ANA/8481605.png,Jackson LaCombe,60,D
24,Anaheim Ducks,ANA,8483490.0,https://assets.nhle.com/mugs/nhl/20232024/ANA/8483490.png,Pavel Mintyukov,34,D
24,Anaheim Ducks,ANA,8482803.0,https://assets.nhle.com/mugs/nhl/20232024/ANA/8482803.png,Olen Zellweger,51,D
24,Anaheim Ducks,ANA,8480843.0,https://assets.nhle.com/mugs/nhl/20232024/ANA/8480843.png,Lukas Dostal,1,G
24,Anaheim Ducks,ANA,8476434.0,https://assets.nhle.com/mugs/nhl/20232024/ANA/8476434.png,John Gibson,36,G
25,Dallas Stars,DAL,8480840.0,https://assets.nhle.com/mugs/nhl/20232024/DAL/8480840.png,Oskar Back,37,C
25,Dallas Stars,DAL,8473994.0,https://assets.nhle.com/mugs/nhl/20232024/DAL/8473994.png,Jamie Benn,14,L
25,Dallas Stars,DAL,8481712.0,https://assets.nhle.com/mugs/nhl/20232024/DAL/8481712.png,Matej Blumel,25,R
25,Dallas Stars,DAL,8482145.0,https://assets.nhle.com/mugs/nhl/20232024/DAL/8482145.png,Mavrik Bourque,22,C
25,Dallas Stars,DAL,8474149.0,https://assets.nhle.com/mugs/nhl/20232024/DAL/8474149.png,Evgenii Dadonov,63,R
25,Dallas Stars,DAL,8476889.0,https://assets.nhle.com/mugs/nhl/20232024/DAL/8476889.png,Radek Faksa,12,C
25,Dallas Stars,DAL,8478449.0,https://assets.nhle.com/mugs/nhl/20232024/DAL/8478449.png,Roope Hintz,24,C
25,Dallas Stars,DAL,8482740.0,https://assets.nhle.com/mugs/nhl/20232024/DAL/8482740.png,Wyatt Johnston,53,C
25,Dallas Stars,DAL,8478975.0,https://assets.nhle.com/mugs/nhl/20232024/DAL/8478975.png,Mason Marchment,27,L
25,Dallas Stars,DAL,8480027.0,https://assets.nhle.com/mugs/nhl/20232024/DAL/8480027.png,Jason Robertson,21,L
25,Dallas Stars,DAL,8475794.0,https://assets.nhle.com/mugs/nhl/20232024/DAL/8475794.png,Tyler Seguin,91,C
25,Dallas Stars,DAL,8482702.0,https://assets.nhle.com/mugs/nhl/20232024/DAL/8482702.png,Logan Stankoven,11,C
25,Dallas Stars,DAL,8483425.0,https://assets.nhle.com/mugs/nhl/20232024/DAL/8483425.png,Lian Bichsel,6,D
25,Dallas Stars,DAL,8481581.0,https://assets.nhle.com/mugs/nhl/20232024/DAL/8481581.png,Thomas Harley,55,D
25,Dallas Stars,DAL,8480036.0,https://assets.nhle.com/mugs/nhl/20232024/DAL/8480036.png,Miro Heiskanen,4,D
25,Dallas Stars,DAL,8476902.0,https://assets.nhle.com/mugs/nhl/20232024/DAL/8476902.png,Esa Lindell,23,D
25,Dallas Stars,DAL,8475755.0,https://assets.nhle.com/mugs/nhl/20232024/DAL/8475755.png,Alexander Petrovic,28,D
25,Dallas Stars,DAL,8479979.0,https://assets.nhle.com/mugs/nhl/20232024/DAL/8479979.png,Jake Oettinger,29,G
25,Dallas Stars,DAL,8482465.0,https://assets.nhle.com/mugs/nhl/20232024/DAL/8482465.png,Remi Poirier,31,G
26,Los Angeles Kings,LAK,8482124.0,https://assets.nhle.com/mugs/nhl/20232024/LAK/8482124.png,Quinton Byfield,55,R
26,Los Angeles Kings,LAK,8476479.0,https://assets.nhle.com/mugs/nhl/20232024/LAK/8476479.png,Phillip Danault,24,C
26,Los Angeles Kings,LAK,8477942.0,https://assets.nhle.com/mugs/nhl/20232024/LAK/8477942.png,Kevin Fiala,22,L
26,Los Angeles Kings,LAK,8481560.0,https://assets.nhle.com/mugs/nhl/20232024/LAK/8481560.png,Adrian Kempe,34,R
26,Los Angeles Kings,LAK,8477960.0,https://assets.nhle.com/mugs/nhl/20232024/LAK/8477960.png,Anze Kopitar,9,R
26,Los Angeles Kings,LAK,8471685.0,https://assets.nhle.com/mugs/nhl/20232024/LAK/8471685.png,Alex Laferriere,11,C
26,Los Angeles Kings,LAK,8482155.0,https://assets.nhle.com/mugs/nhl/20232024/LAK/8482155.png,Trevor Moore,78,R
26,Los Angeles Kings,LAK,8479998.0,https://assets.nhle.com/mugs/nhl/20232024/LAK/8479998.png,Mikey Anderson,44,D
26,Los Angeles Kings,LAK,8482730.0,https://assets.nhle.com/mugs/nhl/20232024/LAK/8482730.png,Drew Doughty,92,D
26,Los Angeles Kings,LAK,8474563.0,https://assets.nhle.com/mugs/nhl/20232024/LAK/8474563.png,Andreas Englund,8,D
26,Los Angeles Kings,LAK,8477971.0,https://assets.nhle.com/mugs/nhl/20232024/LAK/8477971.png,Vladislav Gavrikov,5,D
26,Los Angeles Kings,LAK,8478882.0,https://assets.nhle.com/mugs/nhl/20232024/LAK/8478882.png,Jacob Moverare,84,D
26,Los Angeles Kings,LAK,8479421.0,https://assets.nhle.com/mugs/nhl/20232024/LAK/8479421.png,Jordan Spence,43,D
26,Los Angeles Kings,LAK,8475311.0,https://assets.nhle.com/mugs/nhl/20232024/LAK/8475311.png,Darcy Kuemper,35,G
26,Los Angeles Kings,LAK,8479496.0,https://assets.nhle.com/mugs/nhl/20232024/LAK/8479496.png,David Rittich,31,G
28,San Jose Sharks,SJS,8477473.0,https://assets.nhle.com/mugs/nhl/20232024/SJS/8477473.png,Justin Bailey,90,R
28,San Jose Sharks,SJS,8482133.0,https://assets.nhle.com/mugs/nhl/20232024/SJS/8482133.png,Thomas Bordeleau,17,C
28,San Jose Sharks,SJS,8474053.0,https://assets.nhle.com/mugs/nhl/20232024/SJS/8474053.png,Logan Couture,39,C
28,San Jose Sharks,SJS,8482667.0,https://assets.nhle.com/mugs/nhl/20232024/SJS/8482667.png,Barclay Goodrow,72,L
28,San Jose Sharks,SJS,8476624.0,https://assets.nhle.com/mugs/nhl/20232024/SJS/8476624.png,Collin Graf,23,R
28,San Jose Sharks,SJS,8484911.0,https://assets.nhle.com/mugs/nhl/20232024/SJS/8484911.png,Mikael Granlund,51,R
28,San Jose Sharks,SJS,8475798.0,https://assets.nhle.com/mugs/nhl/20232024/SJS/8475798.png,Klim Kostin,64,C
28,San Jose Sharks,SJS,8480011.0,https://assets.nhle.com/mugs/nhl/20232024/SJS/8480011.png,Givani Smith,10,C
28,San Jose Sharks,SJS,8479316.0,https://assets.nhle.com/mugs/nhl/20232024/SJS/8479316.png,Nico Sturm,11,C
28,San Jose Sharks,SJS,8479379.0,https://assets.nhle.com/mugs/nhl/20232024/SJS/8479379.png,Fabian Zetterlund,54,R
28,San Jose Sharks,SJS,8476988.0,https://assets.nhle.com/mugs/nhl/20232024/SJS/8476988.png,Matt Benning,5,D
28,San Jose Sharks,SJS,8480834.0,https://assets.nhle.com/mugs/nhl/20232024/SJS/8480834.png,Ty Emberson,6,D
28,San Jose Sharks,SJS,8479983.0,https://assets.nhle.com/mugs/nhl/20232024/SJS/8479983.png,Mario Ferraro,38,D
28,San Jose Sharks,SJS,8480172.0,https://assets.nhle.com/mugs/nhl/20232024/SJS/8480172.png,Jan Rutta,84,D
28,San Jose Sharks,SJS,8481567.0,https://assets.nhle.com/mugs/nhl/20232024/SJS/8481567.png,Henry Thrun,3,D
28,San Jose Sharks,SJS,8471709.0,https://assets.nhle.com/mugs/nhl/20232024/SJS/8471709.png,Marc-Edouard Vlasic,44,D
28,San Jose Sharks,SJS,8478406.0,https://assets.nhle.com/mugs/nhl/20232024/SJS/8478406.png,Mackenzie Blackwood,29,G
28,San Jose Sharks,SJS,8477970.0,https://assets.nhle.com/mugs/nhl/20232024/SJS/8477970.png,Vitek Vanecek,41,G
29,Columbus Blue Jackets,CBJ,8484149.0,https://assets.nhle.com/mugs/nhl/20232024/CBJ/8484149.png,Gavin Brindley,45,C
29,Columbus Blue Jackets,CBJ,8482475.0,https://assets.nhle.com/mugs/nhl/20232024/CBJ/8482475.png,Yegor Chinakhov,59,R
29,Columbus Blue Jackets,CBJ,8479941.0,https://assets.nhle.com/mugs/nhl/20232024/CBJ/8479941.png,Justin Danforth,17,R
29,Columbus Blue Jackets,CBJ,8484166.0,https://assets.nhle.com/mugs/nhl/20232024/CBJ/8484166.png,Adam Fantilli,11,C
29,Columbus Blue Jackets,CBJ,8476346.0,https://assets.nhle.com/mugs/nhl/20232024/CBJ/8476346.png,Johnny Gaudreau,13,L
29,Columbus Blue Jackets,CBJ,8476432.0,https://assets.nhle.com/mugs/nhl/20232024/CBJ/8476432.png,Boone Jenner,38,C
29,Columbus Blue Jackets,CBJ,8482660.0,https://assets.nhle.com/mugs/nhl/20232024/CBJ/8482660.png,Kent Johnson,91,C
29,Columbus Blue Jackets,CBJ,8476374.0,https://assets.nhle.com/mugs/nhl/20232024/CBJ/8476374.png,Sean Kuraly,7,C
29,Columbus Blue Jackets,CBJ,8480893.0,https://assets.nhle.com/mugs/nhl/20232024/CBJ/8480893.png,Kirill Marchenko,86,R
29,Columbus Blue Jackets,CBJ,8479671.0,https://assets.nhle.com/mugs/nhl/20232024/CBJ/8479671.png,Mathieu Olivier,24,R
29,Columbus Blue Jackets,CBJ,8482705.0,https://assets.nhle.com/mugs/nhl/20232024/CBJ/8482705.png,Cole Sillinger,4,C
29,Columbus Blue Jackets,CBJ,8481716.0,https://assets.nhle.com/mugs/nhl/20232024/CBJ/8481716.png,Dmitri Voronkov,10,L
29,Columbus Blue Jackets,CBJ,8480871.0,https://assets.nhle.com/mugs/nhl/20232024/CBJ/8480871.png,Adam Boqvist,27,D
29,Columbus Blue Jackets,CBJ,8475790.0,https://assets.nhle.com/mugs/nhl/20232024/CBJ/8475790.png,Erik Gudbranson,44,D
29,Columbus Blue Jackets,CBJ,8478500.0,https://assets.nhle.com/mugs/nhl/20232024/CBJ/8478500.png,Ivan Provorov,9,D
29,Columbus Blue Jackets,CBJ,8476923.0,https://assets.nhle.com/mugs/nhl/20232024/CBJ/8476923.png,Damon Severson,78,D
29,Columbus Blue Jackets,CBJ,8478460.0,https://assets.nhle.com/mugs/nhl/20232024/CBJ/8478460.png,Zach Werenski,8,D
29,Columbus Blue Jackets,CBJ,8478007.0,https://assets.nhle.com/mugs/nhl/20232024/CBJ/8478007.png,Elvis Merzlikins,90,G
29,Columbus Blue Jackets,CBJ,8480193.0,https://assets.nhle.com/mugs/nhl/20232024/CBJ/8480193.png,Daniil Tarasov,40,G
30,Minnesota Wild,MIN,8481557.0,https://assets.nhle.com/mugs/nhl/20232024/MIN/8481557.png,Matt Boldy,12,L
30,Minnesota Wild,MIN,8478493.0,https://assets.nhle.com/mugs/nhl/20232024/MIN/8478493.png,Joel Eriksson Ek,14,C
30,Minnesota Wild,MIN,8475220.0,https://assets.nhle.com/mugs/nhl/20232024/MIN/8475220.png,Marcus Foligno,17,L
30,Minnesota Wild,MIN,8477919.0,https://assets.nhle.com/mugs/nhl/20232024/MIN/8477919.png,Frederick Gaudreau,89,C
30,Minnesota Wild,MIN,8477451.0,https://assets.nhle.com/mugs/nhl/20232024/MIN/8477451.png,Ryan Hartman,38,R
30,Minnesota Wild,MIN,8475149.0,https://assets.nhle.com/mugs/nhl/20232024/MIN/8475149.png,Marcus Johansson,90,C
30,Minnesota Wild,MIN,8478864.0,https://assets.nhle.com/mugs/nhl/20232024/MIN/8478864.png,Kirill Kaprizov,97,L
30,Minnesota Wild,MIN,8482177.0,https://assets.nhle.com/mugs/nhl/20232024/MIN/8482177.png,Marat Khusnutdinov,22,C
30,Minnesota Wild,MIN,8483499.0,https://assets.nhle.com/mugs/nhl/20232024/MIN/8483499.png,Marco Rossi,28,L
30,Minnesota Wild,MIN,8482079.0,https://assets.nhle.com/mugs/nhl/20232024/MIN/8482079.png,Mats Zuccarello,23,C
30,Minnesota Wild,MIN,8474567.0,https://assets.nhle.com/mugs/nhl/20232024/MIN/8474567.png,Zach Bogosian,24,D
30,Minnesota Wild,MIN,8476463.0,https://assets.nhle.com/mugs/nhl/20232024/MIN/8476463.png,Jonas Brodin,25,D
30,Minnesota Wild,MIN,8480990.0,https://assets.nhle.com/mugs/nhl/20232024/MIN/8480990.png,Declan Chisholm,47,D
30,Minnesota Wild,MIN,8482122.0,https://assets.nhle.com/mugs/nhl/20232024/MIN/8482122.png,Brock Faber,7,D
30,Minnesota Wild,MIN,8475750.0,https://assets.nhle.com/mugs/nhl/20232024/MIN/8475750.png,Jon Merrill,4,D
30,Minnesota Wild,MIN,8478136.0,https://assets.nhle.com/mugs/nhl/20232024/MIN/8478136.png,Jake Middleton,5,D
30,Minnesota Wild,MIN,8474716.0,https://assets.nhle.com/mugs/nhl/20232024/MIN/8474716.png,Jared Spurgeon,46,D
30,Minnesota Wild,MIN,8470594.0,https://assets.nhle.com/mugs/nhl/20232024/MIN/8470594.png,Marc-Andre Fleury,29,G
30,Minnesota Wild,MIN,8479406.0,https://assets.nhle.com/mugs/nhl/20232024/MIN/8479406.png,Filip Gustavsson,32,G
52,Winnipeg Jets,WPG,8478891.0,https://assets.nhle.com/mugs/nhl/20232024/WPG/8478891.png,Mason Appleton,22,C
52,Winnipeg Jets,WPG,8480289.0,https://assets.nhle.com/mugs/nhl/20232024/WPG/8480289.png,Morgan Barron,36,C
52,Winnipeg Jets,WPG,8478398.0,https://assets.nhle.com/mugs/nhl/20232024/WPG/8478398.png,Kyle Connor,81,L
52,Winnipeg Jets,WPG,8477940.0,https://assets.nhle.com/mugs/nhl/20232024/WPG/8477940.png,Nikolaj Ehlers,27,L
52,Winnipeg Jets,WPG,8481019.0,https://assets.nhle.com/mugs/nhl/20232024/WPG/8481019.png,David Gustafsson,19,C
52,Winnipeg Jets,WPG,8480113.0,https://assets.nhle.com/mugs/nhl/20232024/WPG/8480113.png,Alex Iafallo,9,L
52,Winnipeg Jets,WPG,8479536.0,https://assets.nhle.com/mugs/nhl/20232024/WPG/8479536.png,Axel Jonsson-Fjallby,71,L
52,Winnipeg Jets,WPG,8480845.0,https://assets.nhle.com/mugs/nhl/20232024/WPG/8480845.png,Rasmus Kupari,15,C
52,Winnipeg Jets,WPG,8476392.0,https://assets.nhle.com/mugs/nhl/20232024/WPG/8476392.png,Adam Lowry,17,C
52,Winnipeg Jets,WPG,8476480.0,https://assets.nhle.com/mugs/nhl/20232024/WPG/8476480.png,Vladislav Namestnikov,7,C
52,Winnipeg Jets,WPG,8475799.0,https://assets.nhle.com/mugs/nhl/20232024/WPG/8475799.png,Nino Niederreiter,62,R
52,Winnipeg Jets,WPG,8482149.0,https://assets.nhle.com/mugs/nhl/20232024/WPG/8482149.png,Cole Perfetti,91,C
52,Winnipeg Jets,WPG,8476460.0,https://assets.nhle.com/mugs/nhl/20232024/WPG/8476460.png,Mark Scheifele,55,C
52,Winnipeg Jets,WPG,8480014.0,https://assets.nhle.com/mugs/nhl/20232024/WPG/8480014.png,Gabriel Vilardi,13,C
52,Winnipeg Jets,WPG,8476331.0,https://assets.nhle.com/mugs/nhl/20232024/WPG/8476331.png,Dylan DeMelo,2,D
52,Winnipeg Jets,WPG,8477504.0,https://assets.nhle.com/mugs/nhl/20232024/WPG/8477504.png,Josh Morrissey,44,D
52,Winnipeg Jets,WPG,8480145.0,https://assets.nhle.com/mugs/nhl/20232024/WPG/8480145.png,Neal Pionk,4,D
52,Winnipeg Jets,WPG,8480049.0,https://assets.nhle.com/mugs/nhl/20232024/WPG/8480049.png,Dylan Samberg,54,D
52,Winnipeg Jets,WPG,8477220.0,https://assets.nhle.com/mugs/nhl/20232024/WPG/8477220.png,Nate Schmidt,88,D
52,Winnipeg Jets,WPG,8479378.0,https://assets.nhle.com/mugs/nhl/20232024/WPG/8479378.png,Logan Stanley,64,D
52,Winnipeg Jets,WPG,8476945.0,https://assets.nhle.com/mugs/nhl/20232024/WPG/8476945.png,Connor Hellebuyck,37,G
54,Vegas Golden Knights,VGK,8477964.0,https://assets.nhle.com/mugs/nhl/20232024/VGK/8477964.png,Ivan Barbashev,49,C
54,Vegas Golden Knights,VGK,8482153.0,https://assets.nhle.com/mugs/nhl/20232024/VGK/8482153.png,Brendan Brisson,19,C
54,Vegas Golden Knights,VGK,8480844.0,https://assets.nhle.com/mugs/nhl/20232024/VGK/8480844.png,Grigori Denisenko,54,L
54,Vegas Golden Knights,VGK,8481604.0,https://assets.nhle.com/mugs/nhl/20232024/VGK/8481604.png,Pavel Dorofeyev,16,L
54,Vegas Golden Knights,VGK,8478403.0,https://assets.nhle.com/mugs/nhl/20232024/VGK/8478403.png,Jack Eichel,9,C
54,Vegas Golden Knights,VGK,8476881.0,https://assets.nhle.com/mugs/nhl/20232024/VGK/8476881.png,Tomas Hertl,48,C
54,Vegas Golden Knights,VGK,8479353.0,https://assets.nhle.com/mugs/nhl/20232024/VGK/8479353.png,William Karlsson,21,C
54,Vegas Golden Knights,VGK,8476448.0,https://assets.nhle.com/mugs/nhl/20232024/VGK/8476448.png,Keegan Kolesar,71,C
54,Vegas Golden Knights,VGK,8478434.0,https://assets.nhle.com/mugs/nhl/20232024/VGK/8478434.png,Mason Morelli,55,R
54,Vegas Golden Knights,VGK,8481462.0,https://assets.nhle.com/mugs/nhl/20232024/VGK/8481462.png,Jonas Rondbjerg,11,L
54,Vegas Golden Knights,VGK,8480007.0,https://assets.nhle.com/mugs/nhl/20232024/VGK/8480007.png,Nicolas Roy,46,R
54,Vegas Golden Knights,VGK,8478462.0,https://assets.nhle.com/mugs/nhl/20232024/VGK/8478462.png,Mark Stone,10,C
54,Vegas Golden Knights,VGK,8479980.0,https://assets.nhle.com/mugs/nhl/20232024/VGK/8479980.png,Nicolas Hague,14,D
54,Vegas Golden Knights,VGK,8478396.0,https://assets.nhle.com/mugs/nhl/20232024/VGK/8478396.png,Noah Hanifin,15,D
54,Vegas Golden Knights,VGK,8477018.0,https://assets.nhle.com/mugs/nhl/20232024/VGK/8477018.png,Ben Hutton,17,D
54,Vegas Golden Knights,VGK,8481527.0,https://assets.nhle.com/mugs/nhl/20232024/VGK/8481527.png,Kaedan Korczak,6,D
54,Vegas Golden Knights,VGK,8478062.0,https://assets.nhle.com/mugs/nhl/20232024/VGK/8478062.png,Dysin Mayo,65,D
54,Vegas Golden Knights,VGK,8475188.0,https://assets.nhle.com/mugs/nhl/20232024/VGK/8475188.png,Brayden McNabb,3,D
54,Vegas Golden Knights,VGK,8474565.0,https://assets.nhle.com/mugs/nhl/20232024/VGK/8474565.png,Alex Pietrangelo,7,D
54,Vegas Golden Knights,VGK,8482138.0,https://assets.nhle.com/mugs/nhl/20232024/VGK/8482138.png,Christoffer Sedoff,15,D
54,Vegas Golden Knights,VGK,8477447.0,https://assets.nhle.com/mugs/nhl/20232024/VGK/8477447.png,Shea Theodore,27,D
54,Vegas Golden Knights,VGK,8480727.0,https://assets.nhle.com/mugs/nhl/20232024/VGK/8480727.png,Zach Whitecloud,2,D
54,Vegas Golden Knights,VGK,8478499.0,https://assets.nhle.com/mugs/nhl/20232024/VGK/8478499.png,Adin Hill,33,G
54,Vegas Golden Knights,VGK,8481520.0,https://assets.nhle.com/mugs/nhl/20232024/VGK/8481520.png,Isaiah Saville,31,G
54,Vegas Golden Knights,VGK,8482484.0,https://assets.nhle.com/mugs/nhl/20232024/VGK/8482484.png,Jesper Vikman,32,G
55,Seattle Kraken,SEA,8482665.0,https://assets.nhle.com/mugs/nhl/20232024/SEA/8482665.png,Matty Beniers,10,C
55,Seattle Kraken,SEA,8477416.0,https://assets.nhle.com/mugs/nhl/20232024/SEA/8477416.png,Oliver Bjorkstrand,22,R
55,Seattle Kraken,SEA,8477444.0,https://assets.nhle.com/mugs/nhl/20232024/SEA/8477444.png,Andre Burakovsky,95,L
55,Seattle Kraken,SEA,8474586.0,https://assets.nhle.com/mugs/nhl/20232024/SEA/8474586.png,Jordan Eberle,7,R
55,Seattle Kraken,SEA,8476826.0,https://assets.nhle.com/mugs/nhl/20232024/SEA/8476826.png,Yanni Gourde,37,C
55,Seattle Kraken,SEA,8481789.0,https://assets.nhle.com/mugs/nhl/20232024/SEA/8481789.png,Tye Kartye,52,L
55,Seattle Kraken,SEA,8477955.0,https://assets.nhle.com/mugs/nhl/20232024/SEA/8477955.png,Jared McCann,19,L
55,Seattle Kraken,SEA,8475768.0,https://assets.nhle.com/mugs/nhl/20232024/SEA/8475768.png,Jaden Schwartz,17,C
55,Seattle Kraken,SEA,8479293.0,https://assets.nhle.com/mugs/nhl/20232024/SEA/8479293.png,Brandon Tanev,13,L
55,Seattle Kraken,SEA,8480009.0,https://assets.nhle.com/mugs/nhl/20232024/SEA/8480009.png,Eeli Tolvanen,20,R
55,Seattle Kraken,SEA,8478840.0,https://assets.nhle.com/mugs/nhl/20232024/SEA/8478840.png,Will Borgen,3,D
55,Seattle Kraken,SEA,8475208.0,https://assets.nhle.com/mugs/nhl/20232024/SEA/8475208.png,Brian Dumoulin,8,D
55,Seattle Kraken,SEA,8478407.0,https://assets.nhle.com/mugs/nhl/20232024/SEA/8478407.png,Vince Dunn,29,D
55,Seattle Kraken,SEA,8476457.0,https://assets.nhle.com/mugs/nhl/20232024/SEA/8476457.png,Adam Larsson,6,D
55,Seattle Kraken,SEA,8476467.0,https://assets.nhle.com/mugs/nhl/20232024/SEA/8476467.png,Jamie Oleksiak,24,D
55,Seattle Kraken,SEA,8478916.0,https://assets.nhle.com/mugs/nhl/20232024/SEA/8478916.png,Joey Daccord,35,G
55,Seattle Kraken,SEA,8475831.0,https://assets.nhle.com/mugs/nhl/20232024/SEA/8475831.png,Philipp Grubauer,31,G
59,Utah Hockey Club,UTA,,,,,
